BLA,BLP,LU,MABH,BN,FAR,BD,HBN,AHBH,ABH,DHBH,ABF,CL,RBS,HBFR,BL,SBLU,SLR
4302.336,274.433,U,18.0,1,0.076248809948828,0.019062202487207,0,0.0,18.0,0.0,82.012,0.027877940061104,0.9999999999,0.0,0.750570999178717,"B, R","primary, tertiary"
1653.984,180.425,U,12.0,2,3.208420395844216,1.069473465281405,0,0.0,12.0,0.0,884.4459999999999,0.328774769141457,0.99999999995,0.0,0.363880558316043,"B, R",secondary
1423.033,167.9,U,0.0,0,0.0,0.0,0,0.0,0.0,0.0,0.0,0.0,0.0,0.0,0.323094415305478,"B, R",residential
10417.743,429.681,U,18.0,3,2.610165368832769,0.652541342208192,0,0.0,18.0,0.0,2266.0026666666668,0.163209256558169,0.999999999966667,0.0,0.101788053914648,"A, B, G","primary, residential"
1713.113,167.737,U,18.0,3,2.084051665009839,0.52101291625246,0,0.0,18.0,0.0,297.51800000000003,0.306936329046938,0.999999999966667,0.0,0.503330840457154,"B, R, U",tertiary
1404.107,151.105,U,18.0,4,4.115113734209714,1.028778433552429,0,0.0,18.0,0.0,361.12874999999997,0.545780681714832,0.999999999975,0.0,0.487847522428506,"B, U",primary
2435.468,213.966,U,12.0,1,1.82446494883119,0.60815498294373,0,0.0,12.0,0.0,1481.142,0.417047755353476,0.9999999999,0.0,0.781770140899432,"B, R","primary, residential"
19894.555,574.883,A,18.0,9,0.993672992434362,0.249019090902008,0,0.0,17.333333333333332,0.0,550.4582222222222,0.119515390573362,0.555555555549383,0.0,0.690898317258547,"B, R",tertiary
9836.651,440.158,A,38.0,14,1.39956536020237,0.331548511785159,0,0.0,18.071428571428573,0.0,232.9519285714286,0.29302581580595,0.928571428564796,0.0,0.696893265672005,"B, R","secondary, tertiary, residential"
219689.039,2002.949,A,18.0,13,2.697578899236752,0.674394724809188,0,0.0,18.0,0.0,11396.70223076923,0.0,0.0,0.0,0.414569293909325,"B, G","trunk, primary, secondary, tertiary, residential"
3414.097,248.671,A,36.0,2,2.233586216208854,0.34324244448825,0,0.0,27.0,0.0,585.9315,0.066654613125424,0.99999999995,0.0,0.531580301767743,"B, G, R",secondary
4883.634,285.745,A,18.0,2,1.349425448344409,0.337356362086102,0,0.0,18.0,0.0,823.7625,0.326357851468645,0.99999999995,0.0,0.070162205098105,"G, U",residential
10509.099,438.376,A,11.0,11,0.662423867165016,0.331211933582508,0,0.0,11.0,0.0,316.4308181818182,0.180383209281431,0.545454545449587,0.0,0.346434403153958,"B, R",residential
30623.027,799.709,A,18.0,6,1.181984263018806,0.295496065754702,0,0.0,18.0,0.0,1508.164,0.005423608607327,0.166666666663889,0.0,0.479942814601179,"B, R","secondary, tertiary"
24369.486,653.784,A,177.0,11,1.653820150330622,0.361294078996988,1,177.0,29.363636363636363,0.0,800.4137272727272,0.046432187270822,0.363636363633058,1.0,0.436403027874166,"B, R","secondary, residential"
9767.145,595.718,A,12.0,1,0.913295236223072,0.304431745407691,0,0.0,12.0,0.0,2973.429,0.178321979349514,0.9999999999,0.0,0.348839090310372,"B, R","secondary, tertiary"
90736.514,1432.037,A,18.0,10,3.291293117123719,0.82282327928093,0,0.0,18.0,0.0,7466.0116,0.336181672131485,0.499999999995,0.0,0.241107859089889,G,secondary
12455.302,502.471,A,36.0,1,0.207737395689001,0.025967174461125,0,0.0,36.0,0.0,323.429,0.065829211010241,0.9999999999,0.0,0.68101923704037,"A, R","secondary, tertiary"
9694.55,557.108,A,18.0,4,2.052625031589914,0.513156257897478,0,0.0,18.0,0.0,1243.7047499999999,0.294896584573815,0.74999999998125,0.0,0.644624181080583,"A, B, R","secondary, tertiary"
29320.686,700.188,A,12.0,1,1.531420581360204,0.510473527120068,0,0.0,12.0,0.0,14967.434,0.029710230330983,0.9999999999,0.0,0.452055777423705,"A, G","primary, secondary, tertiary"
29377.533,698.35,A,18.0,5,3.213340888766936,0.808502095802258,0,0.0,10.6,0.0,4750.3594,0.2638469712877,0.99999999998,0.0,0.490846602823457,"A, G","primary, secondary, tertiary"
20129.911,606.577,A,0.0,0,0.0,0.0,0,0.0,0.0,0.0,0.0,0.0,0.0,0.0,0.969680618404226,"A, R",tertiary
8767.406,401.396,A,7.0,5,0.221313578953684,0.124052769998332,0,0.0,5.2,0.0,217.5242,0.094227689690751,0.799999999984,0.0,0.861751820042392,A,"secondary, tertiary"
43628.971,927.706,A,36.0,19,1.165049686823922,0.282769767822395,0,0.0,17.210526315789473,0.0,649.3133684210526,0.039158931859725,0.36842105262964,0.0,0.743281814550832,"A, B","primary, secondary, tertiary"
25962.57,657.918,A,12.0,1,1.729501432254203,0.576500477418068,0,0.0,12.0,0.0,14967.434,0.019250087114367,0.9999999999,0.0,0.661899700968167,"A, G","primary, tertiary"
26072.9,659.755,A,18.0,7,1.754270832933812,0.44209995819414,0,0.0,14.857142857142858,0.0,1646.6897142857144,0.077223479012536,0.71428571427551,0.0,0.694216153719497,"A, G","primary, tertiary"
9780.882,533.256,A,18.0,3,0.427276803871062,0.106819200967765,0,0.0,18.0,0.0,348.262,0.005118937864805,0.999999999966667,0.0,1.0,"A, G, R",residential
9550.898,458.345,A,18.0,4,0.921455971993419,0.230363992998355,0,0.0,18.0,0.0,550.04575,0.178281681096851,0.999999999975,0.0,0.832444249589171,"A, G, R","primary, tertiary, residential"
7430.586,365.18,R,12.0,2,0.167162724447305,0.101123249229603,0,0.0,8.0,0.0,375.7025,0.157536408606614,0.99999999995,0.0,0.666281216073746,"B, R",residential
3013.494,256.207,R,18.0,8,1.92487126239508,0.48121781559877,0,0.0,18.0,0.0,181.268375,0.429902997720183,0.874999999989063,0.0,0.816559800820317,"A, R",tertiary
13320.826,865.057,R,36.0,29,1.769312278382737,0.386231979908753,0,0.0,18.20689655172414,0.0,177.41134482758622,0.318003761628309,0.89655172413484,0.0,0.844493207142672,R,"tertiary, residential"
17452.521,575.401,R,18.0,21,1.253960502325137,0.313490125581284,0,0.0,18.0,0.0,260.533,0.243193297530925,0.619047619044671,0.0,0.744255123156679,R,"tertiary, residential"
21535.043,700.563,R,43.0,12,1.080839727136835,0.242686304364472,0,0.0,19.583333333333332,0.0,435.5216666666667,0.164861087055318,0.74999999999375,0.0,0.63004509114643,"B, R","tertiary, residential"
14189.348,623.358,R,66.0,10,1.268103932611985,0.207425739364487,1,66.0,28.2,0.0,294.3236,0.112418631303093,0.799999999992,1.0,0.777605791563475,"A, R, U",tertiary
4098.578,291.3,R,66.0,3,3.865056124343613,0.409506907029706,1,66.0,40.666666666666664,0.0,559.4653333333333,0.215939750257143,0.999999999966667,1.0,0.766514099367505,"A, R","tertiary, residential"
30268.265,718.72,R,66.0,23,1.563643109375447,0.266068339232526,2,66.0,22.17391304347826,0.0,350.149,0.088103024620604,0.434782608693762,0.5,0.587431186106449,"A, R","secondary, tertiary, residential"
33632.331,748.323,R,18.0,1,0.003646966961642,0.00091174174041,0,0.0,18.0,0.0,30.664,0.00041920969785,0.9999999999,0.0,0.444828019079141,"B, R","secondary, residential"
19905.115,574.845,R,36.0,12,2.12138498069466,0.425049189617844,0,0.0,22.5,0.0,705.0544166666667,0.362344429393583,0.999999999991667,0.0,0.623099497384242,"B, R, U",tertiary
5081.669,296.861,R,18.0,4,1.823267906666097,0.455816976666524,0,0.0,18.0,0.0,579.0777499999999,0.212680415273843,0.999999999975,0.0,0.475843861933702,"A, B, G, R","secondary, tertiary"
4186.751,269.075,R,18.0,6,2.50431109946591,0.773203374167702,0,0.0,13.0,0.0,539.535,0.21792556225572,0.833333333319444,0.0,0.393386878414064,"B, G, R, U","secondary, tertiary"
20910.817,604.768,R,66.0,8,1.071436711439826,0.180100519267133,1,66.0,24.0,0.0,470.756125,0.114676556541396,0.874999999989063,1.0,0.439184556497643,"B, R, U","secondary, residential"
7008.111,470.704,R,18.0,12,2.030214418692855,0.530994015363056,0,0.0,14.333333333333334,0.0,310.10541666666666,0.300338619114491,0.999999999991667,0.0,0.381279052139939,"B, R","primary, residential"
1304.124,217.015,R,0.0,0,0.0,0.0,0,0.0,0.0,0.0,0.0,0.0,0.0,0.0,0.452027997336797,R,primary
9350.411,476.696,R,18.0,9,3.420875510178109,0.855218877544527,0,0.0,18.0,0.0,888.5164444444445,0.516684976702138,0.999999999988889,0.0,0.469484032055808,R,"primary, secondary"
20660.398,602.232,R,18.0,8,3.656559181483339,0.914139795370835,0,0.0,18.0,0.0,2360.8115000000003,0.61909266751998,0.874999999989063,0.0,0.360368694716513,"A, B, G, R","primary, tertiary"
618.939,132.918,R,18.0,1,9.527329833796223,2.381832458449056,0,0.0,18.0,0.0,1474.209,0.716330688484649,0.9999999999,0.0,0.445259012350877,R,primary
6378.672,339.349,R,18.0,3,1.794185999844482,0.448546499961121,0,0.0,18.0,0.0,953.7103333333334,0.311932599435524,0.666666666644444,0.0,0.192043107065762,"B, G",residential
2580.13,245.409,R,18.0,4,1.600560436877211,0.758580769186049,0,0.0,12.75,0.0,489.30924999999996,0.350403222039822,0.999999999975,0.0,0.347978533837134,"A, B, R",residential
11443.792,596.087,R,213.0,7,5.418512587436052,0.809031307105197,1,213.0,45.857142857142854,0.0,1322.6265714285714,0.624663568737897,0.71428571427551,1.0,0.43456229991413,"A, R",primary
6553.421,333.695,R,66.0,1,5.160027869413547,0.344001857960903,1,66.0,66.0,0.0,2254.389,0.064805797692281,0.9999999999,1.0,0.3688338465299,"B, R",tertiary
32466.114,735.386,R,66.0,14,2.21346669330367,0.254804255292149,1,66.0,21.428571428571427,0.0,590.893142857143,0.089916547152879,0.357142857140306,1.0,0.622362821557955,"A, R","secondary, tertiary"
11986.216,489.617,R,12.0,1,1.483992863135455,0.494664287711818,0,0.0,12.0,0.0,5929.153,0.139826593671642,0.9999999999,0.0,0.485180609343689,"A, B, R","secondary, tertiary"
22357.67,663.713,R,18.0,6,1.193511622633307,0.331626327788182,0,0.0,17.0,0.0,1235.732,0.06213780731622,0.833333333319444,0.0,0.38438873734118,"A, B, R","secondary, tertiary"
33254.666,744.625,R,66.0,7,2.124760747860165,0.233802979708171,3,66.0,40.285714285714285,0.0,1110.72,0.091447593821958,0.428571428565306,0.333333333333333,0.589941117889925,"A, B","secondary, residential"
23750.195,680.231,R,66.0,7,1.65573293187698,0.211423400944708,2,66.0,27.714285714285715,0.0,717.3352857142856,0.065958164139539,0.571428571420408,0.5,0.547407944458159,"A, B, U","secondary, tertiary"
31471.034,720.517,R,66.0,21,2.433966453088259,0.285496847672689,2,65.5,22.523809523809526,0.5,427.85147619047626,0.119708963966323,0.380952380950567,1.0,0.806075045281255,A,"secondary, tertiary"
20140.484,591.165,R,66.0,6,2.631263925931472,0.212461180178192,4,66.0,50.0,0.0,713.1785,0.095711886364116,0.999999999983333,1.0,0.631968132543105,"A, B, R","secondary, tertiary, residential"
35616.17,768.564,R,199.0,10,0.984997432346038,0.216709601285034,2,189.0,51.6,10.0,771.8366,0.093029065999624,0.599999999994,0.5,0.774005111600536,R,"secondary, tertiary, residential"
13009.341,752.019,R,18.0,17,3.161175343163039,0.79029383579076,0,0.0,18.0,0.0,604.7765882352941,0.571006631737529,0.941176470582699,0.0,0.916105083825876,"A, G, R","tertiary, residential"
8061.074,478.673,R,36.0,3,2.414418227645597,0.325410733110749,0,0.0,24.0,0.0,874.3866666666668,0.104387553920963,0.666666666644444,0.0,0.818402493924119,"A, B, R, U","primary, tertiary, residential"
4422.179,276.538,B,0.0,0,0.0,0.0,0,0.0,0.0,0.0,0.0,0.0,0.0,0.0,0.624201118979437,"B, R",residential
6288.462,329.924,B,13.0,3,1.764927576886049,0.58830919229535,0,0.0,13.0,0.0,1233.1866666666667,0.347898375166115,0.999999999966667,0.0,0.530920833880918,"B, R","primary, residential"
6254.515,401.171,B,18.0,2,2.309272581487134,0.577318145371783,0,0.0,18.0,0.0,1805.4225,0.43548820491588,0.99999999995,0.0,0.633227480086563,"A, B","primary, tertiary"
6121.106,322.592,B,30.0,7,1.794234734703173,0.40728766990802,0,0.0,21.142857142857142,0.0,356.15014285714284,0.374982494577762,0.857142857130612,0.0,0.42321455839176,"B, R","primary, residential"
7293.615,350.165,B,100.0,1,12.063444259122534,0.548338375414661,1,100.0,100.0,0.0,3999.369,0.241733550987127,0.9999999999,1.0,0.337404005306752,"B, R","primary, secondary, residential"
3862.469,256.065,B,100.0,3,3.209585889233026,0.509569397191278,2,100.0,70.66666666666667,0.0,656.0653333333333,0.251256004258893,0.666666666644444,0.5,0.685294848253644,"R, U",primary
11455.863,476.784,B,0.0,0,0.0,0.0,0,0.0,0.0,0.0,0.0,0.0,0.0,0.0,0.449334431788914,"A, B","primary, secondary, tertiary"
18268.073,559.953,B,18.0,1,0.013458890820066,0.003364722705017,0,0.0,18.0,0.0,61.467,0.001597951050697,0.9999999999,0.0,0.510669701368215,"A, B, R","secondary, tertiary"
8044.914,370.482,B,18.0,3,2.724643420675473,0.68561018800201,0,0.0,17.0,0.0,1838.5583333333332,0.426471717185619,0.999999999966667,0.0,0.192825060836258,B,"primary, secondary"
8055.943,368.644,B,18.0,3,2.825291092551176,0.706322773137794,0,0.0,18.0,0.0,1896.6986666666664,0.507164206112969,0.999999999966667,0.0,0.243453398119425,B,"primary, secondary, tertiary"
6674.511,344.628,B,18.0,2,2.537226772118586,0.634306693029647,0,0.0,18.0,0.0,2116.8435,0.244469999990146,0.99999999995,0.0,0.309804151669438,"B, U","primary, secondary"
2878.322,252.218,B,18.0,1,2.115438092055024,0.528859523013756,0,0.0,18.0,0.0,1522.228,0.34765192967289,0.9999999999,0.0,0.57498012543001,"A, B, G",primary
12212.948,530.28,B,18.0,12,1.677720727215084,0.438176515612774,0,0.0,12.833333333333334,0.0,445.95225,0.168732068574735,0.833333333326389,0.0,0.555378014062781,"A, R","secondary, tertiary, residential"
28887.697,881.319,B,18.0,1,0.044585070246341,0.011146267561585,0,0.0,18.0,0.0,321.99,0.03398724387505,0.9999999999,0.0,0.279261449640004,"B, R, U","primary, secondary, residential"
18670.873,618.971,B,18.0,7,1.297494873432003,0.329165111883092,0,0.0,17.0,0.0,877.9714285714286,0.076724870707937,0.857142857130612,0.0,0.198757421570015,B,"primary, secondary, residential"
7136.325,348.418,B,108.0,3,3.452637036569943,0.588501784882275,1,108.0,48.0,0.0,1399.9133333333332,0.416802812407627,0.999999999966667,1.0,0.128367103993548,B,primary
9631.765,471.085,B,18.0,4,3.281565943521255,0.820391485880314,0,0.0,18.0,0.0,1975.4544999999998,0.580713676379273,0.999999999975,0.0,0.150980585709132,"A, B, G","primary, secondary, residential"
9609.682,474.771,B,18.0,4,3.428751544536021,0.857187886134005,0,0.0,18.0,0.0,2059.32575,0.631640844401649,0.999999999975,0.0,0.186234983076165,"A, B, G","primary, secondary, residential"
7194.902,348.418,B,18.0,3,2.779810482477732,0.694952620619433,0,0.0,18.0,0.0,1666.7053333333333,0.54054044373124,0.999999999966667,0.0,0.182951916761727,B,primary
3918.393,259.716,B,18.0,4,2.474422550264866,0.618605637566217,0,0.0,18.0,0.0,605.985,0.330526784679238,0.74999999998125,0.0,0.242031199685602,B,primary
12917.555,479.29,B,58.0,13,1.544046222369481,0.31456866256811,5,56.8,32.30769230769231,2.4,312.57369230769234,0.297206420140374,0.846153846147337,1.0,0.313152999366833,"B, G, R, U","primary, tertiary"
13598.489,488.636,B,18.0,3,0.598554957098542,0.188798843753891,0,0.0,14.0,0.0,855.793,0.212064734137272,0.999999999966667,0.0,0.438525549725524,"A, B, G, R","primary, tertiary"
2352.729,202.602,B,18.0,2,4.505011839442622,1.126252959860655,0,0.0,18.0,0.0,1324.884,0.335320465531785,0.99999999995,0.0,0.534454752386995,"B, G",primary
4874.363,315.444,B,100.0,3,10.268744449274706,0.573433697900628,2,100.0,69.0,0.0,931.708,0.503281712018637,0.999999999966667,1.0,0.379760413608831,"B, G","primary, tertiary"
5315.864,315.444,B,12.0,1,1.234664769452341,0.41155492315078,0,0.0,12.0,0.0,2187.77,0.275317061545777,0.9999999999,0.0,0.290666495104578,"B, G","primary, residential"
7743.258,359.451,B,18.0,8,1.985467615827859,0.50429134609747,0,0.0,17.0,0.0,488.10725,0.180612844161299,0.874999999989063,0.0,0.055068303506175,B,primary
4279.158,331.77,B,18.0,3,3.19778704128242,0.799446760320605,0,0.0,18.0,0.0,1140.3196666666665,0.507639854179234,0.999999999966667,0.0,0.457122793939942,"B, G",tertiary
4415.856,279.916,B,18.0,1,1.968339547304079,0.49208488682602,0,0.0,18.0,0.0,2172.976,0.228761783187672,0.9999999999,0.0,0.175248754808338,B,primary
1602.133,162.141,B,7.0,2,0.497228382412696,0.248614191206348,0,0.0,7.0,0.0,199.1565,0.156380979910392,0.99999999995,0.0,0.346264427736503,"B, G",residential
2711.824,215.727,B,18.0,7,4.520609007074206,1.331690035931535,0,0.0,13.285714285714286,0.0,515.9012857142858,0.618878199039348,0.999999999985714,0.0,0.249003219989913,"B, G",residential
3237.387,261.35,B,18.0,2,3.819872014065665,0.954968003516416,0,0.0,18.0,0.0,1545.8005,0.567190275247783,0.99999999995,0.0,0.208595610792792,B,primary
6847.499,366.336,B,18.0,5,5.38622466392474,1.346556165981185,0,0.0,18.0,0.0,1844.1083999999998,0.567266801452775,0.99999999998,0.0,0.037266725278701,"B, G","primary, residential"
4685.803,278.215,B,36.0,5,6.109486677096753,1.124132192497209,0,0.0,20.4,0.0,1053.4923999999999,0.321807602296874,0.99999999998,0.0,0.449956619328136,"B, G","tertiary, residential"
5775.108,309.665,B,100.0,3,12.176649163963688,0.661967014296529,1,100.0,39.666666666666664,0.0,1274.3103333333333,0.391524243892388,0.999999999966667,1.0,0.352912107898273,"B, G","tertiary, residential"
3987.897,257.917,B,100.0,1,12.687994699963413,0.576727031816519,1,100.0,100.0,0.0,2299.928,0.222947703989299,0.9999999999,1.0,0.286700026973474,"B, G","tertiary, residential"
4730.799,281.942,B,18.0,5,3.86675062711394,0.966687656778485,0,0.0,18.0,0.0,914.641,0.57890624935068,0.99999999998,0.0,0.235021696187333,"B, G","tertiary, residential"
26985.778,672.463,B,18.0,22,2.194175317087393,0.553718740293498,0,0.0,15.681818181818182,0.0,679.2059545454545,0.524403017401303,0.454545454543388,0.0,0.158647537071673,"B, G, U","primary, tertiary, residential"
12777.056,520.153,B,18.0,5,3.487938849137078,0.876186736600356,0,0.0,17.2,0.0,2239.0173999999997,0.476302696602687,0.99999999998,0.0,0.017428298758689,"B, G","primary, tertiary, residential"
30095.741,709.425,B,18.0,6,1.896091809136715,0.474022952284179,0,0.0,18.0,0.0,2377.6786666666667,0.0,0.0,0.0,0.086817087756765,G,"primary, tertiary, residential"
4012.511,265.203,B,100.0,4,14.571031705582865,0.889927529170637,4,75.75,75.75,14.148763196831021,892.711,0.646227217091354,0.999999999975,1.0,0.147477488277232,"B, R","primary, tertiary"
17755.84,607.777,B,66.0,4,6.955850863715826,0.920871273901995,1,66.0,34.5,0.0,4087.71075,0.466349279963069,0.74999999998125,0.0,0.224186106079928,"B, G, R","primary, tertiary"
4528.671,272.711,B,18.0,18,2.608378484548779,0.652094621137195,0,0.0,18.0,0.0,164.06233333333336,0.509966985971403,0.611111111107716,0.0,0.344268468069078,"B, G","tertiary, residential"
4595.742,278.213,B,100.0,2,7.799838415646483,0.678322020687845,1,100.0,56.0,0.0,1558.6965,0.393360498288202,0.99999999995,1.0,0.217938282287477,"B, G","tertiary, residential"
6753.098,339.233,B,100.0,2,16.061897517258004,0.730086250784455,2,100.0,100.0,0.0,2465.172,0.389062876898901,0.99999999995,1.0,0.139836245241463,"B, G","tertiary, residential"
8274.538,396.514,B,66.0,8,3.31841342682818,0.818844024886948,3,66.0,36.0,0.0,846.9445000000001,0.62176949302443,0.9999999999875,1.0,0.046509596759065,"B, G","tertiary, residential"
4060.846,274.336,B,18.0,1,2.189021696464235,0.547255424116059,0,0.0,18.0,0.0,2222.32,0.40366913335548,0.9999999999,0.0,0.134099164445027,"B, R","trunk, primary"
5413.339,404.952,B,190.0,3,2.466018108232276,0.580661953740566,1,190.0,75.33333333333333,0.0,1047.7733333333333,0.328971843658391,0.999999999966667,1.0,0.433339160555962,B,"tertiary, residential"
3628.674,245.146,B,63.0,4,5.359975296761296,0.722838700858771,3,61.0,50.25,2.82842712474619,655.7365,0.528374859230785,0.999999999975,1.0,0.345619164272912,"B, G",residential
3572.637,243.298,B,100.0,2,7.32012880121882,0.77392161588205,1,100.0,56.0,0.0,1382.4705,0.519553413578716,0.99999999995,1.0,0.217840900997225,"B, G",residential
5508.381,315.364,B,18.0,2,3.503714067708824,0.875928516927206,0,0.0,18.0,0.0,2412.474,0.745467712038882,0.99999999995,0.0,0.13869100944206,"B, G",residential
6518.701,365.263,B,18.0,3,2.746245302553377,0.686561325638344,0,0.0,18.0,0.0,1491.8293333333334,0.35907185087014,0.999999999966667,0.0,0.043831541158328,"B, G",residential
11447.202,567.49,B,18.0,2,1.008166012969807,0.252041503242452,0,0.0,18.0,0.0,1442.585,0.109806650007568,0.99999999995,0.0,0.198407666401824,"B, G, R",tertiary
4378.354,382.688,B,100.0,3,12.19282817241365,0.554219462382439,3,100.0,100.0,0.0,808.8563333333333,0.477010191263266,0.999999999966667,1.0,0.291249975651304,"A, B, G, R",tertiary
5425.973,320.949,B,18.0,3,3.545581962903243,0.886395490725811,0,0.0,18.0,0.0,1603.186,0.579674859004062,0.999999999966667,0.0,0.352771182747766,"B, G","tertiary, residential"
4573.573,287.683,B,18.0,2,3.371162983514203,0.842790745878551,0,0.0,18.0,0.0,1927.2825000000003,0.609461833189781,0.99999999995,0.0,0.238464141363819,"B, G",residential
5592.373,320.928,B,18.0,4,1.992501573124683,0.498125393281171,0,0.0,18.0,0.0,696.42575,0.278968668435309,0.999999999975,0.0,0.146217430441739,"B, G",residential
4542.157,280.269,B,18.0,3,1.953028924363469,0.488257231090867,0,0.0,18.0,0.0,739.247,0.1670990802911,0.999999999966667,0.0,0.083173669806998,"B, G",residential
3555.617,250.699,B,42.0,2,1.470057939311236,0.353138991066811,0,0.0,30.0,0.0,627.8135000000001,0.122862459479456,0.99999999995,0.0,0.044942597714566,B,residential
14130.768,647.199,B,253.0,4,8.6853934619831,0.324966767552903,4,138.25,138.25,66.25094338950956,1148.0075,0.203969628845182,0.74999999998125,0.75,0.17939988465335,B,trunk
3169.314,232.112,B,18.0,2,1.706914493167922,0.426728623291981,0,0.0,18.0,0.0,676.2185,0.191537170850161,0.99999999995,0.0,0.301854866058687,"B, R",tertiary
7432.747,357.324,B,36.0,3,3.447522161052972,0.680478025150056,0,0.0,24.0,0.0,1685.9403333333332,0.600167560427865,0.999999999966667,0.0,0.325218602725489,"A, B",tertiary
7099.094,355.518,B,100.0,3,9.249470143654952,0.47344111797928,2,100.0,72.66666666666667,0.0,1120.3343333333335,0.164657408383139,0.666666666644444,0.5,0.134781714282525,B,tertiary
0.849,3.686,B,0.0,0,0.0,0.0,0,0.0,0.0,0.0,0.0,0.0,0.0,0.0,0.14391778163292,B,tertiary
5497.075,324.153,B,18.0,1,1.461741744473197,0.365435436118299,0,0.0,18.0,0.0,2008.826,0.167111217895847,0.9999999999,0.0,0.228049052299716,B,residential
10849.824,425.797,B,207.0,6,5.262091071707707,0.542475066876661,1,207.0,49.5,0.0,980.9598333333333,0.341604702676844,0.666666666655556,1.0,0.295034454158384,"A, B",residential
6947.892,346.286,B,18.0,1,0.934958689628451,0.233739672407113,0,0.0,18.0,0.0,1623.998,0.003240965221836,0.9999999999,0.0,0.377323365003069,"A, B, R","secondary, tertiary"
38751.043,803.384,B,18.0,6,1.179999464788599,0.306866424214698,0,0.0,15.666666666666666,0.0,1981.8990000000001,0.05325125958425,0.333333333327778,0.0,0.236174168958229,"A, B","secondary, tertiary"
7901.269,364.745,B,18.0,1,1.013323302877044,0.253330825719261,0,0.0,18.0,0.0,2001.635,0.046320370597476,0.9999999999,0.0,0.18506392749912,B,"secondary, tertiary"
5780.552,314.995,B,66.0,1,6.571874104756778,0.438124940317119,1,66.0,66.0,0.0,2532.604,0.163792370893962,0.9999999999,1.0,0.27532546893915,B,"secondary, residential"
5372.203,303.906,B,66.0,2,12.423519550545649,1.068188041293302,1,66.0,39.0,0.0,2869.2615,0.450011659932357,0.99999999995,1.0,0.326260236593101,B,"secondary, residential"
4517.302,283.588,B,66.0,2,14.826982566142357,1.287778855608945,1,66.0,39.0,0.0,2908.643,0.620716579824846,0.99999999995,1.0,0.367323436249254,"A, B","secondary, residential"
9906.54,507.818,B,18.0,3,1.797350134355688,0.518429845334496,0,0.0,14.0,0.0,1711.9486666666664,0.243416283918737,0.999999999966667,0.0,0.537587608478311,"A, R",secondary
4849.178,285.646,B,505.0,3,40.73681683782282,0.824913418315434,1,505.0,180.33333333333334,0.0,1333.384,0.669517216658456,0.999999999966667,1.0,0.338284785571139,B,"primary, secondary, residential"
14108.564,515.489,B,100.0,3,4.172875141651553,0.455897850411991,1,100.0,45.333333333333336,0.0,2144.0213333333336,0.141765136783081,0.666666666644444,0.0,0.293718631207654,"A, B, R","primary, secondary, tertiary"
6989.294,348.118,B,18.0,3,3.154628207083577,0.788657051770894,0,0.0,18.0,0.0,1837.3853333333334,0.690392186489225,0.999999999966667,0.0,0.396850590802454,B,"primary, secondary, residential"
19322.724,576.464,B,18.0,34,1.418912416282508,0.514400091829703,0,0.0,10.470588235294118,0.0,292.3415,0.282899916923794,0.470588235292734,0.0,0.442065846763733,"B, R","secondary, residential"
5454.322,307.839,B,18.0,4,1.284262278611347,0.321065569652837,0,0.0,18.0,0.0,437.79875,0.084307142504997,0.999999999975,0.0,0.447191314185164,"B, R, U","primary, secondary, tertiary"
4383.825,270.931,B,7.0,5,0.575351890187222,0.287675945093611,0,0.0,7.0,0.0,252.22420000000002,0.166584284850549,0.399999999992,0.0,0.51605781607484,"B, R","primary, secondary, residential"
5868.515,313.339,B,36.0,3,4.509249955056774,0.579908375457846,0,0.0,25.333333333333332,0.0,1134.4003333333333,0.414782169635808,0.999999999966667,0.0,0.5509990346866,"A, B, R, U","primary, tertiary"
7930.524,375.675,B,18.0,4,2.631215289178874,0.6720056581381,0,0.0,16.5,0.0,1332.33925,0.388880652335063,0.999999999975,0.0,0.595423220366528,"B, R","primary, tertiary, residential"
5377.762,300.337,B,18.0,2,2.533390655815561,0.63334766395389,0,0.0,18.0,0.0,1702.9965000000002,0.263040650545237,0.99999999995,0.0,0.72130242682615,"B, R, U","primary, tertiary, residential"
3145.125,236.025,B,18.0,4,3.995245340010333,1.116544493462104,0,0.0,16.5,0.0,877.918,0.405451514074025,0.74999999998125,0.0,0.827288002310124,"B, R, U","primary, residential"
1609.834,173.275,G,36.0,2,0.553951525436784,0.152818862069008,0,0.0,20.0,0.0,123.0065,0.168402653196846,0.99999999995,0.0,0.606188773075024,"A, B, G","primary, secondary"
654.628,206.806,G,0.0,0,0.0,0.0,0,0.0,0.0,0.0,0.0,0.0,0.0,0.0,0.452177986566399,"A, B, R",tertiary
203.776,117.682,G,36.0,2,29.46660058103015,3.814320626570352,0,0.0,24.0,0.0,388.6335,0.239944841394472,0.99999999995,0.0,0.564409347387966,"A, B, G",residential
319.246,90.17,G,0.0,0,0.0,0.0,0,0.0,0.0,0.0,0.0,0.0,0.0,0.0,0.542755815601854,"A, B, G",residential
41976.786,851.736,G,36.0,9,0.157418483635217,0.036610949680616,0,0.0,17.555555555555557,0.0,170.75666666666666,0.104553292094936,0.777777777769136,0.0,0.155301821662822,"A, B","primary, secondary, residential"
871.969,171.446,G,18.0,4,3.919715035740949,1.307897413784205,0,0.0,15.25,0.0,285.1115,0.352658179361881,0.999999999975,0.0,0.448659491356784,"B, G","primary, tertiary"
0.849,3.686,G,0.0,0,0.0,0.0,0,0.0,0.0,0.0,0.0,0.0,0.0,0.0,0.473685761822101,"B, G",tertiary
1799.11,178.764,G,7.0,3,1.572346326794915,0.786173163397458,0,0.0,7.0,0.0,471.47066666666666,0.515833981711304,0.999999999966667,0.0,0.386097374811366,"B, G",residential
2678.712,213.879,G,18.0,5,2.335178996472932,0.765883379773563,0,0.0,9.2,0.0,410.31620000000004,0.232520432850053,0.99999999998,0.0,0.300343682185419,"B, G",residential
6056.131,567.507,G,0.0,0,0.0,0.0,0,0.0,0.0,0.0,0.0,0.0,0.0,0.0,0.063972891793076,"A, B, U","primary, tertiary, residential"
43062.227,853.56,G,18.0,2,0.116615520140192,0.029153880035048,0,0.0,18.0,0.0,627.7155,0.059727226262849,0.99999999995,0.0,0.03496083756448,"B, G","primary, tertiary, residential"
4735.908,411.978,G,0.0,0,0.0,0.0,0,0.0,0.0,0.0,0.0,0.0,0.0,0.0,0.283496745770517,"B, G, R","primary, tertiary"
2066.514,206.146,G,0.0,0,0.0,0.0,0,0.0,0.0,0.0,0.0,0.0,0.0,0.0,0.276088811703037,"B, G","tertiary, residential"
6450.847,339.286,G,7.0,8,0.251525419840216,0.125762709920108,0,0.0,7.0,0.0,101.40950000000001,0.108653176183605,0.749999999990625,0.0,0.003268018754332,"B, G","primary, tertiary"
2750.811,286.998,G,18.0,2,2.008732697375429,0.502183174343857,0,0.0,18.0,0.0,690.7055,0.394399532580609,0.99999999995,0.0,0.259199467942573,"B, G, R",tertiary
5022.773,373.512,G,0.0,0,0.0,0.0,0,0.0,0.0,0.0,0.0,0.0,0.0,0.0,0.087024534940993,B,"tertiary, residential"
2052.057,209.82,G,0.0,0,0.0,0.0,0,0.0,0.0,0.0,0.0,0.0,0.0,0.0,0.277702087890018,"B, G",residential
12679.933,477.079,G,0.0,0,0.0,0.0,0,0.0,0.0,0.0,0.0,0.0,0.0,0.0,0.0,G,primary
8384.679,381.492,G,0.0,0,0.0,0.0,0,0.0,0.0,0.0,0.0,0.0,0.0,0.0,0.014646907708378,G,"trunk, primary"
135741.898,1735.226,G,7.0,10,0.02584850404847,0.015336944824508,0,0.0,6.6,0.0,208.1866,0.013006718623898,0.599999999994,0.0,0.009892324559081,"B, G","trunk, primary, tertiary, residential"
28936.849,909.824,G,0.0,0,0.0,0.0,0,0.0,0.0,0.0,0.0,0.0,0.0,0.0,0.029825474111774,G,trunk
50296.246,957.906,G,36.0,9,0.074680364812913,0.025748760653032,0,0.0,10.222222222222221,0.0,143.89622222222224,0.0848054446247,0.999999999988889,0.0,0.095176721471366,"A, G","trunk, primary, secondary"
51192.618,984.0,G,36.0,10,0.077067869433831,0.028977322472549,0,0.0,12.7,0.0,148.3425,0.037230238814371,0.299999999997,0.0,0.103355367609118,"A, G","trunk, secondary"
49909.057,948.728,G,36.0,5,0.126334184194264,0.017432126597784,0,0.0,32.4,0.0,174.0042,0.050790660082927,0.599999999988,0.0,0.146773225994346,"A, G","trunk, primary, secondary"
8134.558,443.426,G,0.0,0,0.0,0.0,0,0.0,0.0,0.0,0.0,0.0,0.0,0.0,0.255524835021068,"A, G","primary, secondary"
8159.167,443.426,G,0.0,0,0.0,0.0,0,0.0,0.0,0.0,0.0,0.0,0.0,0.0,0.31256921965754,"A, G","primary, secondary"
41612.959,842.475,G,18.0,9,2.087095416598469,0.574165538192081,0,0.0,9.444444444444445,0.0,2654.747444444444,0.311363112140542,0.777777777769136,0.0,0.445170578581419,"A, G","secondary, tertiary"
36740.957,800.193,G,18.0,9,1.729144289845253,0.444480175080905,0,0.0,6.222222222222222,0.0,1814.5141111111109,0.17174367275663,0.444444444439506,0.0,0.652652028294499,"A, G","primary, tertiary"
8670.577,1130.918,G,36.0,9,2.089640401094414,0.508229498452064,0,0.0,20.0,0.0,489.627,0.098150283055698,0.999999999988889,0.0,0.967385172201676,"A, R","primary, residential"
852.370135,117.484768,U,16.0,2,1.61572990822819,0.403932477057048,0,0.0,16.0,0.0,172.14999,0.355569747241867,0.99999999995,0.0,0.467684796938173,"B, G, R",residential
2682.388738,217.073224,U,18.0,3,5.057821283620377,1.011564256724075,0,0.0,18.0,0.0,904.4695233333333,0.851667769822124,0.999999999966667,0.0,0.426325857193607,"B, E, G","secondary, tertiary"
3377.242863,232.787755,U,36.0,4,3.84713649774615,0.427459610860683,0,0.0,36.0,0.0,360.90873000000005,0.343894097143818,0.999999999975,0.0,0.168611244298676,"A, G, R, U",residential
4716.129652,275.009013,U,18.0,8,2.974333125903639,0.594866625180728,0,0.0,18.0,0.0,350.68351625,0.425788323720212,0.874999999989063,0.0,0.168047093040703,"A, G, R, U",secondary
1202.170188,135.337935,U,18.0,5,2.023769125440998,0.462657222373244,0,0.0,13.2,0.0,111.238544,0.241581595114227,0.99999999998,0.0,0.01552661968426,"A, G, U","secondary, tertiary"
1662.052653,165.181291,U,18.0,4,2.103310977356865,0.440371325588805,0,0.0,15.0,0.0,182.9800825,0.232814048102001,0.999999999975,0.0,0.020425625737504,"A, G, R, U",tertiary
346.9052677,79.702243,U,36.0,1,5.041372163631749,0.56015246262575,0,0.0,36.0,0.0,194.31984,0.463834157365773,0.9999999999,0.0,0.297275016900722,"A, B, G",residential
5898.666012,323.224345,U,66.0,5,7.424811735552116,0.528645250240691,2,63.0,28.8,3.0,623.660354,0.346084340544796,0.99999999998,1.0,0.489944864103259,"B, G",primary
1906.911129,235.543769,U,18.0,1,1.957832535152193,0.391566507030439,0,0.0,18.0,0.0,746.68253,0.050828535003119,0.9999999999,0.0,0.777912468943267,A,primary
5330.524219,288.737783,U,36.0,2,1.766445040515442,0.229847163180106,0,0.0,27.0,0.0,612.602935,0.314240176535729,0.99999999995,0.0,0.273332864540366,"A, B, G, R","primary, tertiary, residential"
4105.099764,261.871481,U,34.0,3,1.614807744292375,0.247606184608185,0,0.0,18.333333333333332,0.0,338.81603,0.027912782812878,0.999999999966667,0.0,0.215110558648522,"B, G, R","primary, residential"
7734.959841,455.668602,E,0.0,0,0.0,0.0,0,0.0,0.0,0.0,0.0,0.0,0.0,0.0,0.431230097640153,"B, E, G, U","secondary, tertiary"
1459.652252,157.180863,E,0.0,0,0.0,0.0,0,0.0,0.0,0.0,0.0,0.0,0.0,0.0,0.379150538901085,"B, E","secondary, tertiary"
3426.380983,314.005949,E,0.0,0,0.0,0.0,0,0.0,0.0,0.0,0.0,0.0,0.0,0.0,0.431669571030946,"B, E","primary, secondary, tertiary"
3217.85769,299.578069,E,0.0,0,0.0,0.0,0,0.0,0.0,0.0,0.0,0.0,0.0,0.0,0.533889898165909,"E, G",primary
10570.71568,517.029357,E,0.0,0,0.0,0.0,0,0.0,0.0,0.0,0.0,0.0,0.0,0.0,0.323725592018444,"B, E","secondary, tertiary"
323.601874,116.803942,E,0.0,0,0.0,0.0,0,0.0,0.0,0.0,0.0,0.0,0.0,0.0,0.283697256756474,"B, E","secondary, tertiary"
322.3249437,122.60803,E,0.0,0,0.0,0.0,0,0.0,0.0,0.0,0.0,0.0,0.0,0.0,0.269717323479545,"B, E","secondary, tertiary"
7532.724666,498.891677,E,0.0,0,0.0,0.0,0,0.0,0.0,0.0,0.0,0.0,0.0,0.0,0.249808985797362,"B, E, G","secondary, tertiary"
676.9033682,103.363179,E,0.0,0,0.0,0.0,0,0.0,0.0,0.0,0.0,0.0,0.0,0.0,0.24010931533869,"B, E, G",secondary
3172.573316,317.92436,E,0.0,0,0.0,0.0,0,0.0,0.0,0.0,0.0,0.0,0.0,0.0,0.246010440852534,"B, E, G, S","secondary, tertiary"
250.9666095,77.064419,E,0.0,0,0.0,0.0,0,0.0,0.0,0.0,0.0,0.0,0.0,0.0,0.257059717953059,"B, E, S",tertiary
336403.1965,2851.754997,E,12.0,1,0.000243824645109,8.1274881703e-05,0,0.0,12.0,0.0,27.34113,0.000785154169648,0.9999999999,0.0,0.706943823623801,"A, E, G",primary
223.3633766,73.26825,E,0.0,0,0.0,0.0,0,0.0,0.0,0.0,0.0,0.0,0.0,0.0,0.262931385922412,"B, E, S",tertiary
8850.901958,409.658582,E,0.0,0,0.0,0.0,0,0.0,0.0,0.0,0.0,0.0,0.0,0.0,0.934923360560053,"A, E",primary
5569.606408,388.5522,E,0.0,0,0.0,0.0,0,0.0,0.0,0.0,0.0,0.0,0.0,0.0,0.828860550492456,"A, E, G",residential
2893.504991,297.204438,E,0.0,0,0.0,0.0,0,0.0,0.0,0.0,0.0,0.0,0.0,0.0,0.279558081656064,"B, E, S",tertiary
1317.218844,156.183083,E,0.0,0,0.0,0.0,0,0.0,0.0,0.0,0.0,0.0,0.0,0.0,0.309100268612325,"B, E, S",residential
3274.314208,326.371191,E,0.0,0,0.0,0.0,0,0.0,0.0,0.0,0.0,0.0,0.0,0.0,0.348347084762372,"B, E",secondary
2207.542156,206.844045,S,18.0,4,0.73966898233947,0.279498417877552,0,0.0,11.5,0.0,154.251135,0.210576656322193,0.999999999975,0.0,0.385245074260293,"G, R",residential
964.8464777,125.317273,S,36.0,2,12.28103031297411,1.753421709154051,0,0.0,27.0,0.0,845.89138,0.053808970659664,0.99999999995,0.0,0.044214320667688,"A, B, R","primary, residential"
4042.223586,254.647541,S,12.0,4,2.376153361052601,0.792051120350867,0,0.0,12.0,0.0,800.41193,0.659281646690372,0.999999999975,0.0,0.218897117822519,"B, E",tertiary
2514.723101,219.17141,S,0.0,0,0.0,0.0,0,0.0,0.0,0.0,0.0,0.0,0.0,0.0,0.384573908920402,"B, S",primary
2674.369076,228.99228,S,18.0,2,0.692901240382126,0.138580248076425,0,0.0,18.0,0.0,185.307365,0.093633910695406,0.99999999995,0.0,0.335666352876051,"B, E, S",residential
5311.163256,419.826323,S,0.0,0,0.0,0.0,0,0.0,0.0,0.0,0.0,0.0,0.0,0.0,0.128564511334279,"B, G, R","primary, tertiary, residential"
1599.531227,160.18637,S,12.0,3,1.850204303638769,0.616734767879589,0,0.0,12.0,0.0,328.82883999999996,0.397453445747561,0.999999999966667,0.0,0.277657496094613,"A, B, G",secondary
45981.48963,1026.490307,A,36.0,15,1.028737466111535,0.204678748899419,0,0.0,19.2,0.0,627.428918,0.119346198246947,0.466666666663556,0.0,0.2969906070203,"G, R","primary, residential"
2912.513289,273.674806,A,18.0,4,1.870130505694664,0.374026101138933,0,0.0,18.0,0.0,272.3389975,0.266806379484181,0.999999999975,0.0,0.2715140866678,"A, B, G, R","tertiary, residential"
8651.665556,359.90161,A,36.0,5,2.199706537061151,0.340476027527109,0,0.0,21.6,0.0,589.1369440000001,0.14039254193634,0.599999999988,0.0,0.273274440287646,"A, B, G, R","tertiary, residential"
589.4435902,101.349059,A,43.0,6,11.604155721973614,1.654437279857624,0,0.0,22.166666666666668,0.0,162.53290833333332,0.629059279535834,0.999999999983333,0.0,0.1095488667784,"B, R","tertiary, residential"
927.4753815,125.564366,A,36.0,3,3.392415327414272,0.634360913222795,0,0.0,16.0,0.0,196.1180433333333,0.324860972174661,0.999999999966667,0.0,0.048204173025543,"B, R, S",residential
19087.90704,613.117923,A,36.0,5,1.639858317331789,0.267770099115068,0,0.0,26.4,0.0,1022.234152,0.209304918443845,0.99999999998,0.0,0.041207859456242,R,tertiary
25510.53386,639.625082,A,0.0,0,0.0,0.0,0,0.0,0.0,0.0,0.0,0.0,0.0,0.0,0.428119838598832,"A, B","primary, tertiary"
2438.355154,216.198021,A,18.0,4,2.513094612139508,0.502618922427902,0,0.0,18.0,0.0,306.39086,0.186649231531077,0.999999999975,0.0,0.118287078982931,"A, B, R, U","tertiary, residential"
21720.71822,573.179197,A,0.0,0,0.0,0.0,0,0.0,0.0,0.0,0.0,0.0,0.0,0.0,0.437389691742493,"A, B","primary, tertiary"
3016.29163,220.103888,A,18.0,3,2.150277226343661,0.430055445268732,0,0.0,18.0,0.0,432.39088,0.175337575419629,0.999999999966667,0.0,0.139950286314011,"A, R, U",residential
0.4246381,3.146448,A,0.0,0,0.0,0.0,0,0.0,0.0,0.0,0.0,0.0,0.0,0.0,0.789171856753167,"A, E, G",residential
142991.6324,1598.739508,A,0.0,0,0.0,0.0,0,0.0,0.0,0.0,0.0,0.0,0.0,0.0,0.951838236409158,"A, E, G",primary
2745.297683,208.764001,A,36.0,1,2.886167532601236,0.320685281400137,0,0.0,36.0,0.0,880.37656,0.092582598721543,0.9999999999,0.0,0.028852048527194,"A, B, G, R, U",tertiary
27560.96201,1213.761704,A,12.0,2,0.006202621299575,0.002667133316077,0,0.0,9.0,0.0,36.75438,0.004303659433946,0.99999999995,0.0,0.799237402931269,"A, E, G","primary, secondary, tertiary"
20918.23792,578.020382,A,28.0,6,1.121046710037611,0.219446760169558,0,0.0,19.666666666666668,0.0,765.0732566666667,0.178725487823857,0.833333333319444,0.0,0.015504971284319,"A, B, G, U","secondary, tertiary, residential"
7814.179541,360.252152,A,39.0,3,1.05915207176579,0.194160135691717,0,0.0,25.0,0.0,505.73405333333335,0.128203068158216,0.999999999966667,0.0,0.113217017025837,R,"tertiary, residential"
2625.933193,212.119787,A,0.0,0,0.0,0.0,0,0.0,0.0,0.0,0.0,0.0,0.0,0.0,1.0,A,"primary, secondary"
30510.35731,708.009417,A,18.0,2,1.254526431830896,0.253187931609969,0,0.0,12.0,0.0,3862.42713,0.026585227278157,0.99999999995,0.0,0.126045386924669,"B, G, R","secondary, tertiary, residential"
1963.426853,174.197108,A,18.0,5,3.179898777721362,0.883201789437888,0,0.0,12.8,0.0,346.820422,0.346814394881898,0.99999999998,0.0,0.263185602811144,"A, B, G, R, S","secondary, residential"
3413.88468,241.233164,A,18.0,7,2.220468337553803,0.482061204246653,0,0.0,12.0,0.0,235.10019428571428,0.264622857844559,0.999999999985714,0.0,0.161844045681038,"B, G, R","primary, secondary, residential"
8353.438997,413.046309,A,18.0,4,2.616189716337017,0.523237943267403,0,0.0,18.0,0.0,1092.70906,0.09441640847264,0.74999999998125,0.0,0.250625118354454,"B, G, R, U","tertiary, residential"
289159.845,2281.535933,A,66.0,40,2.276971723926605,0.363234152722692,2,66.0,17.3,0.0,2625.8182825,0.164659882821082,0.274999999999312,1.0,0.809981969303682,"A, R, U","primary, secondary, tertiary"
29537.51465,797.988634,A,36.0,8,1.423888590436975,0.28889194981745,0,0.0,19.5,0.0,1066.643775,0.193882689784533,0.874999999989063,0.0,0.312358506394617,"A, G, R, S, U","primary, residential"
2952.95082,236.15667,R,18.0,6,2.355080654543376,0.471016130908675,0,0.0,18.0,0.0,231.81457833333334,0.29507669820024,0.833333333319444,0.0,0.487237019243524,"B, G, R, U",primary
6180.680017,359.013683,R,66.0,2,3.445655290586774,0.535829790717347,1,66.0,39.0,0.0,1655.89624,0.217887468139443,0.99999999995,1.0,0.55004862480657,"B, G, R, U",primary
6365.848632,322.496503,R,18.0,8,1.683493073669428,0.500628950550265,0,0.0,13.5,0.0,398.366015,0.413738523090886,0.9999999999875,0.0,0.348898102361861,"B, R","primary, residential"
5276.91241,292.319186,R,36.0,15,1.638134253208118,0.375196648374916,0,0.0,16.4,0.0,131.99199000000002,0.297665759353535,0.733333333328444,0.0,0.329187870434061,R,"primary, residential"
3502.512477,276.138237,R,35.0,4,1.423282178931693,0.214734592649961,0,0.0,24.75,0.0,188.0276475,0.059975729985703,0.999999999975,0.0,0.321457958507695,"G, R","primary, residential"
15728.24531,564.153863,R,36.0,12,2.115120181197123,0.412354643647149,0,0.0,19.5,0.0,540.4679158333333,0.074189033480238,0.499999999995833,0.0,0.293299661893746,"B, R",residential
10949.10589,484.876703,R,36.0,12,2.171186949768371,0.315108193733982,0,0.0,25.0,0.0,287.5127483333333,0.359580235029549,0.916666666659028,0.0,0.265984470389973,"G, R","primary, residential"
2936.32393,216.719117,R,100.0,1,7.231880237409637,0.289275209496385,1,100.0,100.0,0.0,849.40572,0.257564025086592,0.9999999999,1.0,0.216074801459298,"G, R",primary
9466.038084,492.981486,R,36.0,8,2.074109700993677,0.400704962978258,0,0.0,18.75,0.0,474.136055,0.28752998006842,0.9999999999875,0.0,0.37512387634138,"A, B, G, R","tertiary, residential"
14257.02258,548.532543,R,18.0,8,1.600391444424576,0.362736409441809,0,0.0,15.75,0.0,646.4426475,0.230273112152916,0.9999999999875,0.0,0.406109793922974,"B, G, R, S, U",residential
19742.04393,661.281745,R,66.0,10,2.534676989749764,0.317679998192568,1,66.0,28.2,0.0,627.165248,0.137215315438983,0.699999999993,1.0,0.263721776556128,"A, G, R","primary, residential"
18620.30942,646.999697,R,18.0,20,1.879748358123686,0.388178818459183,0,0.0,16.7,0.0,361.4004855,0.133938799464806,0.54999999999725,0.0,0.469173672678324,"B, G, R, S",residential
3849.802996,246.554293,R,18.0,2,0.960990199717742,0.192198039943548,0,0.0,18.0,0.0,369.96229500000004,0.007619354933342,0.99999999995,0.0,0.24954665911832,"A, B, G, R",residential
17053.01029,702.730714,R,36.0,12,1.892535542474009,0.366267401108805,0,0.0,19.5,0.0,520.4968133333333,0.252275332744668,0.999999999991667,0.0,0.241702902149888,"B, G, R",residential
9802.701698,422.568396,R,36.0,12,2.429115155555353,0.401487804204322,0,0.0,24.0,0.0,327.97209833333335,0.34682581642434,0.999999999991667,0.0,0.214841570364342,"G, R",residential
10752.2937,413.894955,R,36.0,18,2.777122690575314,0.376382844713403,0,0.0,26.0,0.0,224.83216055555556,0.177347780293221,0.444444444441975,0.0,0.196805551983611,"G, R","primary, residential"
6673.55643,346.313485,R,141.0,6,2.794792970679953,0.485345919222264,1,141.0,38.5,0.0,539.8305633333333,0.247681452499871,0.499999999991667,0.0,0.178292266923864,"G, R","primary, residential"
7058.733637,371.793245,R,36.0,14,2.347598065344026,0.312465785426265,0,0.0,24.428571428571427,0.0,157.54376785714288,0.202207800409798,0.499999999996429,0.0,0.345815236505976,"A, G, R, S",residential
6453.5072,332.334776,R,36.0,8,1.603237848715811,0.461502657035852,0,0.0,15.75,0.0,372.28884,0.435716059853985,0.874999999989063,0.0,0.225865060408765,"A, G, R","tertiary, residential"
2980.010596,217.350257,R,34.0,4,3.027252480950575,0.555556497759513,0,0.0,20.5,0.0,413.89106250000003,0.478815418058441,0.999999999975,0.0,0.193653034174052,"G, R",residential
3493.029012,234.202626,R,18.0,4,1.225243253147077,0.334871518668051,0,0.0,12.0,0.0,292.4289825,0.339163846706411,0.999999999975,0.0,0.178095447026213,"G, R",residential
9820.85926,522.189182,R,66.0,8,5.685495972579491,0.470479894648241,5,66.0,48.75,0.0,577.5646037500001,0.163486364258438,0.749999999990625,0.8,0.38169939592427,"A, G, R, S","primary, residential"
2544.687096,230.344386,R,12.0,2,0.904585932635232,0.301528644211744,0,0.0,12.0,0.0,383.64802499999996,0.199331080830275,0.99999999995,0.0,0.14772145531496,R,residential
7676.93661,362.272767,R,18.0,9,1.094468969439621,0.310929320022092,0,0.0,15.333333333333334,0.0,265.22052,0.19124972272655,0.777777777769136,0.0,0.158035225649357,R,residential
2927.303429,225.680089,R,18.0,3,1.424134703187956,0.284826940637591,0,0.0,18.0,0.0,277.92496,0.167030453665632,0.999999999966667,0.0,0.128426249530432,R,residential
13987.65221,510.940205,R,42.0,43,1.702781900952054,0.317740965622708,0,0.0,19.86046511627907,0.0,103.35930511627907,0.278883372596892,0.48837209302212,0.0,0.182579232242183,"A, R","tertiary, residential"
28948.74247,685.338801,R,86.0,88,3.015652929672838,0.473146722148446,6,61.833333333333336,23.113636363636363,12.68091304108484,155.64775693181818,0.390969657651892,0.32954545454508,0.0,0.123936126712606,"B, G, R","tertiary, residential"
5292.788093,464.471368,R,36.0,3,3.471956650655199,0.667324456966503,0,0.0,24.0,0.0,1177.3356466666667,0.546067067288249,0.999999999966667,0.0,0.113254029847267,"B, G, R","primary, tertiary, residential"
29483.82585,693.018294,R,36.0,17,2.241423486769103,0.363395893548869,0,0.0,23.647058823529413,0.0,630.2530141176471,0.388535458947642,0.88235294117128,0.0,0.108791901044787,"G, R","primary, tertiary, residential"
130292.0754,1554.103215,R,187.0,60,2.238489888695103,0.236830592845096,12,76.08333333333333,33.25,33.44263330275028,514.2858243333334,0.132948843161799,0.433333333332611,0.416666666666667,0.168032949817877,"A, G, R","tertiary, residential"
4063.712759,272.858287,R,18.0,4,1.934234569751981,0.425447132347378,0,0.0,16.5,0.0,432.22373500000003,0.483201795700467,0.999999999975,0.0,0.118826512963497,"A, B, R","tertiary, residential"
12817.18216,487.559037,R,36.0,7,2.332110684459524,0.423594135764393,0,0.0,19.714285714285715,0.0,775.6118857142857,0.386211655047282,0.999999999985714,0.0,0.217286046647239,"A, B, G, R","tertiary, residential"
3131.970426,260.758546,R,18.0,1,2.321567323765017,0.464313464753003,0,0.0,18.0,0.0,1454.21604,0.293177462440975,0.9999999999,0.0,0.14641166993338,"A, B, R","tertiary, residential"
1399.293438,147.572093,R,18.0,2,3.05849372531682,0.611698745063364,0,0.0,18.0,0.0,427.97301999999996,0.576402597651848,0.99999999995,0.0,0.090451669893097,"B, R","tertiary, residential"
1987.0291,211.485858,R,18.0,3,2.157808509195965,0.431561701839193,0,0.0,18.0,0.0,285.84188666666665,0.30971717662406,0.999999999966667,0.0,0.122739404880451,"A, B, R","tertiary, residential"
835.749807,119.479908,R,18.0,1,1.784934662868549,0.35698693257371,0,0.0,18.0,0.0,298.35176,0.270904307264624,0.9999999999,0.0,0.101271769283323,"A, B, R",residential
8898.538554,371.739869,R,18.0,9,2.288492585206144,0.457698517041229,0,0.0,18.0,0.0,452.5386555555555,0.278259941723892,0.555555555549383,0.0,0.04801388978029,"G, R","primary, tertiary, residential"
5931.761447,323.274564,R,18.0,4,3.106414552345028,0.626685016451573,0,0.0,16.5,0.0,929.336505,0.261871853989161,0.999999999975,0.0,0.224608399619198,"B, G, R","tertiary, residential"
11744.57551,429.631048,R,49.0,9,2.086255492941183,0.382646091906305,1,49.0,23.444444444444443,0.0,499.3351022222222,0.127552995109605,0.444444444439506,0.0,0.104125354379404,"A, B, R","tertiary, residential"
6946.70513,391.356043,R,36.0,7,3.680948072716021,0.501938469353168,0,0.0,28.285714285714285,0.0,498.1169342857143,0.281533381531481,0.999999999985714,0.0,0.073267286585285,"A, B, R",residential
21114.51183,666.625602,R,36.0,46,2.903967388574951,0.578579954315714,0,0.0,20.152173913043477,0.0,265.5746367391304,0.496483682062212,0.60869565217259,0.0,0.055996410829593,"A, B, R, S","tertiary, residential"
1555.962623,162.493178,R,18.0,2,3.143221718636361,0.881156160008864,0,0.0,15.0,0.0,685.523025,0.540719417853003,0.99999999995,0.0,0.02872239835862,R,residential
715.9802504,116.372281,R,36.0,1,6.000818105806232,0.666757567311804,0,0.0,36.0,0.0,477.38525,0.60358654690549,0.9999999999,0.0,0.068078149991066,R,residential
27953.6179,774.294306,R,36.0,12,1.542278450117901,0.262840799580365,0,0.0,22.5,0.0,612.2792733333333,0.257025610421095,0.666666666661111,0.0,0.02833713015898,"A, G, R","primary, tertiary, residential"
3446.145834,319.109943,R,18.0,3,2.471898219151221,0.494379643830244,0,0.0,18.0,0.0,567.90145,0.395291179169748,0.999999999966667,0.0,0.026837558111236,"A, B, R, S","primary, residential"
2598.502768,208.977292,R,36.0,4,3.397990553920395,0.752052521962139,0,0.0,21.0,0.0,488.55264,0.348081581576703,0.999999999975,0.0,0.03384590729938,R,residential
7434.546487,375.762896,R,36.0,8,2.026883402551788,0.309607667935751,0,0.0,27.0,0.0,287.724075,0.37265207931989,0.9999999999875,0.0,0.050298487494088,R,residential
8850.777877,364.59503,R,18.0,19,4.031510568435429,0.806302113687086,0,0.0,18.0,0.0,375.60004789473686,0.505921521599413,0.73684210525928,0.0,0.089614634865911,R,"tertiary, residential"
29268.29575,724.950359,R,18.0,31,1.071867765310524,0.281579809442782,0,0.0,15.870967741935484,0.0,265.85035935483876,0.234807808487348,0.709677419352549,0.0,0.156358963688738,"B, G, R","tertiary, residential"
2891.504821,273.740885,R,36.0,2,3.131086541598403,0.442248071216341,0,0.0,27.0,0.0,639.381215,0.340000550713514,0.99999999995,0.0,0.04823694840774,"G, R","tertiary, residential"
2591.694482,235.375977,R,36.0,1,3.984003099791297,0.442667011087922,0,0.0,36.0,0.0,1147.25765,0.390536739500453,0.9999999999,0.0,0.025555553640996,"G, R","tertiary, residential"
1144.454741,134.125566,R,66.0,1,8.663451541418361,0.509614796554021,1,66.0,66.0,0.0,583.23107,0.42177196466319,0.9999999999,1.0,0.01604241163983,"G, R","primary, tertiary, residential"
5593.205679,359.812028,R,28.0,13,2.68500204031206,0.535415726127099,0,0.0,18.76923076923077,0.0,230.3607907692308,0.333769786070213,0.769230769224852,0.0,0.191270779976482,"B, G, R","tertiary, residential"
2819.305747,210.142919,R,66.0,5,6.208843261723754,0.64793303526721,2,66.0,37.2,0.0,365.344266,0.245919778591041,0.799999999984,1.0,0.007745256725492,"G, R","primary, tertiary, residential"
1008.558666,127.286138,R,18.0,1,1.555142950900984,0.311028590180197,0,0.0,18.0,0.0,313.69058,0.208731568049468,0.9999999999,0.0,0.070596682046578,R,"tertiary, residential"
2166.171376,204.046649,R,43.0,2,4.048759427425839,0.446189212316505,0,0.0,39.5,0.0,483.26115,0.293026429086842,0.99999999995,0.0,0.053118255731849,"G, R","tertiary, residential"
1512.194393,168.064312,R,36.0,2,4.167256266238517,0.600799688324198,0,0.0,27.0,0.0,454.26296,0.193519209182914,0.99999999995,0.0,0.149111021310869,"A, B, G, R, U",residential
3990.063394,249.850902,R,217.0,5,5.943055826044853,0.543847111116852,1,217.0,57.8,0.0,433.99689,0.25617661079521,0.799999999984,1.0,0.119243235668747,"A, B, R","tertiary, residential"
16612.97373,616.046167,R,36.0,7,2.393122896366609,0.31523421243621,0,0.0,28.571428571428573,0.0,748.1396699999999,0.204468573518319,0.999999999985714,0.0,0.007339809417284,"A, R",tertiary
5375.703818,303.384501,R,47.0,7,2.115228341250106,0.346299722422691,1,47.0,27.285714285714285,0.0,265.9435342857143,0.201443122351616,0.571428571420408,0.0,0.084394857927394,"A, R","tertiary, residential"
3182.783184,243.536978,R,18.0,6,2.709718979085821,0.541943795817164,0,0.0,18.0,0.0,287.4816,0.3820586491763,0.833333333319444,0.0,0.174315311069454,"A, B, G, R, U","tertiary, residential"
1753.391045,171.082031,R,18.0,1,2.119207583839348,0.42384151676787,0,0.0,18.0,0.0,743.15992,0.27500804321781,0.9999999999,0.0,0.149363485625379,"A, B, G, R, U",residential
68781.3124,1205.18497,R,136.0,22,2.737429586906225,0.278360863466164,8,92.25,47.0,33.8886042793149,870.2738868181818,0.119017031323676,0.454545454543388,0.5,0.055865962512061,"A, G, R","secondary, tertiary, residential"
7397.471648,451.804109,R,36.0,5,2.640131047380257,0.316706583205819,0,0.0,32.4,0.0,468.565594,0.219669337128668,0.99999999998,0.0,0.03072420610948,"G, R","tertiary, residential"
10811.67434,461.892319,R,18.0,10,2.368847529493753,0.473769505898751,0,0.0,18.0,0.0,512.224161,0.366953821258316,0.99999999999,0.0,0.017341249342779,"B, G, R","tertiary, residential"
2628.160286,205.247318,R,18.0,5,2.129371020409674,0.442996949692132,0,0.0,16.8,0.0,232.85339800000003,0.278153858707462,0.99999999998,0.0,0.115582362834821,"A, R, U","tertiary, residential"
24077.06128,626.341242,R,18.0,10,1.519569865463249,0.326674473206308,0,0.0,16.2,0.0,786.5361310000001,0.174374100183775,0.699999999993,0.0,0.017632452418578,"A, G, R","secondary, tertiary"
15037.75211,497.49645,R,36.0,5,2.139040702673214,0.283259088781455,0,0.0,32.4,0.0,851.915992,0.08992989459618,0.99999999998,0.0,0.055736197394818,"G, R",residential
29649.20376,811.755235,R,66.0,9,2.067528750053691,0.184151834032254,6,66.0,52.44444444444444,0.0,606.6616944444445,0.07435279080824,0.555555555549383,0.5,0.0,"G, R","primary, secondary, residential"
5996.879878,335.596584,R,18.0,7,2.198422607790644,0.439684521558129,0,0.0,18.0,0.0,376.6764657142857,0.141729506517309,0.571428571420408,0.0,0.002390109001938,"G, R","primary, secondary, residential"
6120.860755,306.485914,R,18.0,5,2.496682241548558,0.499336448309712,0,0.0,18.0,0.0,611.273774,0.285404621065084,0.99999999998,0.0,0.127766644952007,"A, G, R, U","secondary, tertiary, residential"
25929.09882,1020.416738,R,36.0,52,2.485608207111611,0.486338426859372,0,0.0,18.23076923076923,0.0,242.50609865384615,0.204063258734404,0.519230769229771,0.0,0.047365441315206,"A, B, G, R","primary, secondary, tertiary, residential"
8303.849822,423.398715,R,18.0,10,3.121335302973643,0.624267060594729,0,0.0,18.0,0.0,518.381992,0.318304655963886,0.699999999993,0.0,0.057798136010876,"A, R","secondary, tertiary, residential"
37105.02313,781.387081,R,66.0,15,3.347656593416063,0.354037101768544,3,66.0,27.6,0.0,875.7703233333334,0.237945760965843,0.666666666662222,0.666666666666667,0.052163230610508,"A, B, G, U","secondary, tertiary"
12550.12956,451.291505,R,18.0,4,1.807891650960773,0.364838796931113,0,0.0,15.0,0.0,1144.6935425000001,0.322287428974058,0.74999999998125,0.0,0.073860460783142,"A, R","tertiary, residential"
13872.05235,496.373945,R,18.0,13,2.181885382662934,0.436377076532587,0,0.0,18.0,0.0,465.64966538461533,0.122129966838093,0.307692307689941,0.0,0.04348266908184,"G, R","primary, secondary, tertiary, residential"
18780.85856,534.723974,R,100.0,8,2.892533069052622,0.424372528259965,1,100.0,25.25,0.0,996.26005375,0.220688819046177,0.624999999992187,1.0,0.164914325250478,"A, R","secondary, tertiary, residential"
10191.95446,394.817885,R,18.0,5,2.763080997910973,0.552616199582195,0,0.0,18.0,0.0,1126.4478279999998,0.317616729361938,0.599999999988,0.0,0.141840420334752,"A, R","tertiary, residential"
14788.51403,492.240806,R,18.0,15,2.465992263727121,0.496310423421223,0,0.0,17.2,0.0,489.31291066666665,0.129422147081806,0.666666666662222,0.0,0.190986049750201,"B, R","secondary, tertiary, residential"
34481.03489,742.208154,R,154.0,40,2.116212070571064,0.376849804579633,7,130.14285714285714,37.625,25.8314789766759,324.8542815,0.04735832120846,0.174999999999563,0.428571428571429,0.099460886821625,"G, R, S","primary, tertiary, residential"
8265.279773,347.388378,R,18.0,6,3.655736990138543,0.731147398027709,0,0.0,18.0,0.0,1007.1896333333334,0.389536178537521,0.999999999983333,0.0,0.171247008638615,"A, B, R, S",tertiary
23761.98609,612.640728,R,66.0,7,2.997825507522633,0.302663759786756,1,66.0,24.857142857142858,0.0,1027.41315,0.022198069277183,0.571428571420408,1.0,0.156286268803343,"B, G, R, S","primary, tertiary, residential"
21812.42749,609.862369,R,153.0,12,1.544759144549482,0.149521389194083,3,95.0,37.25,41.012193308819754,271.78537166666666,0.020616178819195,0.416666666663194,0.666666666666667,0.235280552579535,"A, B, G, R, U","secondary, tertiary, residential"
14830.88367,518.47309,R,66.0,4,14.05338286629552,0.826669580370325,4,66.0,66.0,0.0,3065.0600950000003,0.322956143502672,0.4999999999875,0.5,0.642478379001784,A,primary
54119.88556,982.971867,R,66.0,28,1.826030038634102,0.336244056536767,1,66.0,19.428571428571427,0.0,649.9103521428572,0.004166028023051,0.249999999999107,1.0,0.199865683610826,"A, B, G, R, U","primary, secondary, tertiary, residential"
12253.32429,505.949783,R,148.0,18,2.364311182365679,0.302804684034034,2,145.0,32.111111111111114,3.0,206.13133277777777,0.107855199561629,0.388888888886728,1.0,0.225157244659224,"G, R","primary, tertiary, residential"
13888.48296,517.736738,R,18.0,12,1.69778718222224,0.339557436444448,0,0.0,18.0,0.0,392.9948058333334,0.08395542196618,0.583333333328472,0.0,0.243378849366867,"B, G, R","primary, tertiary, residential"
3197.580767,238.74517,B,60.0,3,4.200888258595159,0.754878514691792,1,60.0,32.0,0.0,804.5950066666666,0.423844686664282,0.999999999966667,1.0,0.451428756913508,"B, G, R","primary, tertiary"
2514.654802,226.14767,B,18.0,3,2.549990732286602,0.511082610216653,0,0.0,16.0,0.0,428.39878,0.343004178671241,0.999999999966667,0.0,0.502669024497938,"G, R, U",primary
0.4246903,3.146643,B,0.0,0,0.0,0.0,0,0.0,0.0,0.0,0.0,0.0,0.0,0.0,0.431985961505921,"B, E, U","secondary, tertiary"
34021.2334,745.229521,B,36.0,16,1.794804531689906,0.362859497621859,0,0.0,18.4375,0.0,771.55797875,0.157014947097712,0.312499999998047,0.0,0.345212586149306,"A, B, G, R","primary, tertiary, residential"
156038.1334,1753.076088,B,100.0,28,1.222546300915953,0.170925603305121,2,100.0,19.5,0.0,952.5325746428572,0.117005572778461,0.321428571427423,0.5,0.290686472992418,"B, E, G, U","secondary, tertiary"
69851.76639,1631.604957,B,66.0,7,0.398680516746199,0.083990394849054,1,66.0,22.285714285714285,0.0,838.1253485714286,0.058733630440714,0.71428571427551,0.0,0.429170775640989,"E, G","primary, secondary, tertiary"
10303.50365,439.058445,B,69.0,3,3.06249378287938,0.180146693110552,3,67.0,67.0,1.414213562373095,618.7140366666666,0.15743474158889,0.999999999966667,1.0,0.25817643776434,"A, G, R","tertiary, residential"
1219.232225,136.325994,B,36.0,4,8.541670279425235,1.381664399495346,0,0.0,21.0,0.0,421.14243999999997,0.70767654647916,0.999999999975,0.0,0.09972373875733,"A, B, R","tertiary, residential"
1218.381808,154.623454,B,43.0,2,4.298635473388486,0.537330954632901,0,0.0,30.5,0.0,327.33713,0.485545884567071,0.99999999995,0.0,0.122097110523534,"A, B, R","tertiary, residential"
1724.588991,173.43576,B,36.0,1,4.423308324365848,0.491478702707316,0,0.0,36.0,0.0,847.59876,0.383051317394083,0.9999999999,0.0,0.056944548338257,"A, G, R, S","primary, tertiary, residential"
1257.450108,174.860819,B,18.0,4,2.948722837121105,0.589744567424221,0,0.0,18.0,0.0,185.3935925,0.517734615246547,0.999999999975,0.0,0.141954205130244,"B, R","tertiary, residential"
33032.20478,718.779243,B,18.0,1,0.068510084781571,0.013702016956314,0,0.0,18.0,0.0,452.60783,0.009235153281439,0.9999999999,0.0,0.313197639841062,"A, E, G","primary, secondary, tertiary"
2138.994108,188.537705,B,18.0,2,1.23918536759242,0.247837073518484,0,0.0,18.0,0.0,265.06102,0.015734503219099,0.99999999995,0.0,0.14950160752915,"A, G, R","tertiary, residential"
79419.3369,1123.806271,B,100.0,16,3.062228191809544,0.314897497085499,4,91.5,32.5,14.722431864335457,1563.059400625,0.117006927655051,0.374999999997656,0.75,0.161780687416357,"E, G","secondary, tertiary"
27047.41544,645.869719,B,18.0,1,1.480730254572523,0.296146050914505,0,0.0,18.0,0.0,8009.98527,0.106604691561295,0.9999999999,0.0,0.313596272215389,"A, E, G","primary, secondary, tertiary"
1497.312263,155.730627,B,18.0,1,3.986149280606005,0.797229856121201,0,0.0,18.0,0.0,1193.70204,0.69836462789054,0.9999999999,0.0,0.014581669831629,"G, R",residential
34539.67161,808.760827,B,12.0,1,0.040190126173582,0.013396708724527,0,0.0,12.0,0.0,462.71792,0.014054755159106,0.9999999999,0.0,0.162785289058144,"E, G, S","secondary, tertiary"
78168.30788,1116.527628,B,66.0,4,1.167514454708445,0.113871361059326,1,66.0,27.0,0.0,2225.2829025,0.050403599940193,0.4999999999875,0.0,0.510250551868988,"A, B, G","primary, secondary, tertiary"
25380.27598,641.419716,B,0.0,0,0.0,0.0,0,0.0,0.0,0.0,0.0,0.0,0.0,0.0,0.086146093649606,"A, B, G, R","tertiary, residential"
15305.81805,527.764762,B,0.0,0,0.0,0.0,0,0.0,0.0,0.0,0.0,0.0,0.0,0.0,0.066085339160651,"A, B, G","tertiary, residential"
61249.1047,1419.584662,B,18.0,1,0.022447353422294,0.004489470684459,0,0.0,18.0,0.0,274.97606,0.004772614619711,0.9999999999,0.0,0.373970860565972,"E, S","primary, secondary, tertiary"
20916.84895,572.352918,B,0.0,0,0.0,0.0,0,0.0,0.0,0.0,0.0,0.0,0.0,0.0,0.055016984156124,"A, B, G","tertiary, residential"
24971.98393,619.473281,B,35.0,9,2.513471849731404,0.470837981994489,0,0.0,25.555555555555557,0.0,1306.4176133333333,0.186119002075199,0.777777777769136,0.0,0.058692252652605,"B, G","primary, tertiary, residential"
92057.85189,1237.909448,B,66.0,14,0.895347739142211,0.196708180217347,1,66.0,15.857142857142858,0.0,1293.4666085714287,0.053187692584876,0.357142857140306,0.0,0.240912995578567,E,"secondary, tertiary"
22395.90011,576.418068,B,18.0,4,1.433048504072829,0.289902377582983,0,0.0,12.0,0.0,1623.1561724999997,0.141912275866364,0.999999999975,0.0,0.197228800710083,"A, B, R, S","secondary, residential"
16234.58322,493.518304,B,18.0,7,2.111745699622587,0.422349139924517,0,0.0,18.0,0.0,979.52318,0.228786328841894,0.571428571420408,0.0,0.151721593988789,"A, B, G, R","secondary, tertiary, residential"
6227.06003,300.213672,B,0.0,0,0.0,0.0,0,0.0,0.0,0.0,0.0,0.0,0.0,0.0,0.220283876689229,"A, G, R","secondary, tertiary"
14286.38101,464.705604,B,18.0,7,1.532776763735493,0.306555352747099,0,0.0,18.0,0.0,625.6523671428571,0.072617654619203,0.571428571420408,0.0,0.126593379546886,"B, G, R","secondary, tertiary, residential"
16163.17731,487.117629,B,0.0,0,0.0,0.0,0,0.0,0.0,0.0,0.0,0.0,0.0,0.0,0.111610598184387,"B, R","secondary, residential"
21389.35143,566.771609,B,6.0,1,0.008611104483592,0.004305552241796,0,0.0,6.0,0.0,92.09297,0.001273203814237,0.9999999999,0.0,0.110353868688604,"A, B, G, R","primary, secondary, residential"
12312.95511,467.446229,B,0.0,0,0.0,0.0,0,0.0,0.0,0.0,0.0,0.0,0.0,0.0,0.227050757108214,"A, G, R, S, U","tertiary, residential"
3549.315243,245.761328,B,6.0,4,0.325773739675679,0.162886869837839,0,0.0,6.0,0.0,144.5342125,0.058915761600551,0.74999999998125,0.0,0.183919816630745,"A, G, R, U","primary, residential"
92704.8516,1888.231574,B,66.0,32,1.619025579563087,0.259365139310573,2,66.0,16.5625,0.0,751.3877109375001,0.141932612416826,0.468749999998535,0.5,0.449511920942234,"G, U","primary, secondary"
2962.903416,219.663898,B,66.0,1,6.01070542962309,0.353570907624888,1,66.0,66.0,0.0,1047.59645,0.130125682895977,0.9999999999,1.0,0.260978823913871,"G, R, U","primary, tertiary, residential"
2812.569636,210.13909,B,18.0,3,1.481976338167365,0.296395267633473,0,0.0,18.0,0.0,277.87744333333336,0.093256241387138,0.333333333322222,0.0,0.311236833103327,"G, R","primary, tertiary"
972.5655922,140.485123,G,0.0,0,0.0,0.0,0,0.0,0.0,0.0,0.0,0.0,0.0,0.0,0.486488977924537,"B, E, U","primary, secondary"
4411.338317,343.23889,G,0.0,0,0.0,0.0,0,0.0,0.0,0.0,0.0,0.0,0.0,0.0,0.323971606851668,"A, G, R","primary, secondary, residential"
5381.75851,317.93958,G,16.0,1,0.106414473807373,0.026603618451843,0,0.0,16.0,0.0,143.17425,8.19985016e-06,0.9999999999,0.0,0.458162043210242,"B, G, R, S, U",residential
3403.934537,441.972881,G,12.0,5,0.488210387695831,0.16273679589861,0,0.0,12.0,0.0,110.78908000000001,0.071199788432287,0.99999999998,0.0,0.441896615416878,"B, G, R, S, U",residential
5881.170228,316.856388,G,0.0,0,0.0,0.0,0,0.0,0.0,0.0,0.0,0.0,0.0,0.0,0.578557526163852,G,residential
1690.265003,165.997063,G,0.0,0,0.0,0.0,0,0.0,0.0,0.0,0.0,0.0,0.0,0.0,0.276593546941455,"A, B, G, R","tertiary, residential"
6936.134712,1041.365688,G,66.0,1,1.988952154595927,0.116997185564466,1,66.0,66.0,0.0,811.50824,0.000414809843136,0.9999999999,1.0,0.522449628692855,"B, R","primary, residential"
4081.683395,253.741985,G,36.0,1,1.368213626476044,0.152023736275116,0,0.0,36.0,0.0,620.51276,3.0316149152e-05,0.9999999999,0.0,0.306381759073574,"A, B, G, R","tertiary, residential"
1319.104142,554.320822,G,0.0,0,0.0,0.0,0,0.0,0.0,0.0,0.0,0.0,0.0,0.0,0.241758679572999,"G, R","primary, residential"
1325.045028,539.550582,G,0.0,0,0.0,0.0,0,0.0,0.0,0.0,0.0,0.0,0.0,0.0,0.236145283768812,"G, R","primary, residential"
0.4246863,3.146608,G,0.0,0,0.0,0.0,0,0.0,0.0,0.0,0.0,0.0,0.0,0.0,0.163847211128617,"G, R","primary, residential"
258.6443877,359.250771,G,0.0,0,0.0,0.0,0,0.0,0.0,0.0,0.0,0.0,0.0,0.0,0.191961702590618,"G, R",residential
87.4901074,214.512249,G,0.0,0,0.0,0.0,0,0.0,0.0,0.0,0.0,0.0,0.0,0.0,0.241090452860006,"A, G, R","tertiary, residential"
62.0065085,196.031086,G,0.0,0,0.0,0.0,0,0.0,0.0,0.0,0.0,0.0,0.0,0.0,0.202048402312998,"G, R",residential
174119.8891,2709.62485,G,18.0,19,0.134133974703985,0.045293118728503,0,0.0,10.0,0.0,415.0754110526316,0.039015227908333,0.526315789470914,0.0,0.793149192284506,"E, G",primary
912.6388115,397.813902,G,0.0,0,0.0,0.0,0,0.0,0.0,0.0,0.0,0.0,0.0,0.0,0.113915642949515,"B, G, R","primary, tertiary, residential"
864.6479022,388.506902,G,18.0,1,9.784409675284353,1.956881935056871,0,0.0,18.0,0.0,1692.01386,0.361263983275602,0.9999999999,0.0,0.108551427255232,"G, R","primary, tertiary, residential"
11300.41527,787.911804,G,18.0,4,0.115384284457362,0.033226007277518,0,0.0,12.0,0.0,93.86692,0.018470104550468,0.74999999998125,0.0,0.196528126593127,"A, G, R","secondary, tertiary, residential"
14130.72355,631.649176,G,66.0,2,2.105895331877751,0.123876195992809,2,66.0,66.0,1.0,875.23014,0.007144324659992,0.99999999995,1.0,0.304951659621374,"A, B, G, R","primary, tertiary, residential"
2834.239807,309.509522,G,0.0,0,0.0,0.0,0,0.0,0.0,0.0,0.0,0.0,0.0,0.0,0.203121546897828,"B, G, R",tertiary
962.295251,432.693165,G,0.0,0,0.0,0.0,0,0.0,0.0,0.0,0.0,0.0,0.0,0.0,0.034185060794237,"G, R","primary, tertiary, residential"
5416.097067,425.123882,G,0.0,0,0.0,0.0,0,0.0,0.0,0.0,0.0,0.0,0.0,0.0,0.307333295547019,"B, E","primary, secondary"
4127.300227,525.046956,G,18.0,6,2.516992714036454,0.503398542807291,0,0.0,18.0,0.0,346.2794866666666,0.078199864060825,0.999999999983333,0.0,0.219703850848854,"G, R","primary, tertiary, residential"
336.3276746,82.859844,G,0.0,0,0.0,0.0,0,0.0,0.0,0.0,0.0,0.0,0.0,0.0,0.041072813909007,R,"tertiary, residential"
3762.874341,307.231095,G,0.0,0,0.0,0.0,0,0.0,0.0,0.0,0.0,0.0,0.0,0.0,0.191324052341098,"B, E, G","secondary, tertiary"
2220.093619,265.600507,G,0.0,0,0.0,0.0,0,0.0,0.0,0.0,0.0,0.0,0.0,0.0,0.136328631520153,"B, G","secondary, tertiary"
12402.28778,1070.707972,G,0.0,0,0.0,0.0,0,0.0,0.0,0.0,0.0,0.0,0.0,0.0,0.079860066322023,"G, R","secondary, tertiary, residential"
1.6986001,8.425203,G,0.0,0,0.0,0.0,0,0.0,0.0,0.0,0.0,0.0,0.0,0.0,0.07070735366291,"G, R",secondary
1.6985975,8.425203,G,0.0,0,0.0,0.0,0,0.0,0.0,0.0,0.0,0.0,0.0,0.0,0.068974107827284,"G, R",secondary
1.2739458,6.612575,G,0.0,0,0.0,0.0,0,0.0,0.0,0.0,0.0,0.0,0.0,0.0,0.067898474604694,"G, R",secondary
1.6986121,8.425202,G,0.0,0,0.0,0.0,0,0.0,0.0,0.0,0.0,0.0,0.0,0.0,0.06674383916471,"G, R",secondary
1.6985922,8.425201,G,0.0,0,0.0,0.0,0,0.0,0.0,0.0,0.0,0.0,0.0,0.0,0.065515017634726,"G, R",secondary
1.2739429,6.612574,G,0.0,0,0.0,0.0,0,0.0,0.0,0.0,0.0,0.0,0.0,0.0,0.064510894820403,"G, R",secondary
1.2739499,6.612574,G,0.0,0,0.0,0.0,0,0.0,0.0,0.0,0.0,0.0,0.0,0.0,0.063338564963619,"G, R",secondary
1.2739551,6.612573,G,0.0,0,0.0,0.0,0,0.0,0.0,0.0,0.0,0.0,0.0,0.0,0.062470357334272,"G, R",secondary
1.6986055,8.425199,G,0.0,0,0.0,0.0,0,0.0,0.0,0.0,0.0,0.0,0.0,0.0,0.061176153992428,"G, R",secondary
1.2739577,6.612572,G,0.0,0,0.0,0.0,0,0.0,0.0,0.0,0.0,0.0,0.0,0.0,0.060267882172571,"G, R",secondary
1.2739445,6.612572,G,0.0,0,0.0,0.0,0,0.0,0.0,0.0,0.0,0.0,0.0,0.0,0.059209182618897,"G, R",secondary
1.2739396,6.612571,G,0.0,0,0.0,0.0,0,0.0,0.0,0.0,0.0,0.0,0.0,0.0,0.058430696509604,"G, R",secondary
1.6985983,8.425197,G,0.0,0,0.0,0.0,0,0.0,0.0,0.0,0.0,0.0,0.0,0.0,0.057265497566404,"G, R",secondary
1.6986009,8.425197,G,0.0,0,0.0,0.0,0,0.0,0.0,0.0,0.0,0.0,0.0,0.0,0.05629287691675,"G, R",secondary
1404.312919,330.319062,G,0.0,0,0.0,0.0,0,0.0,0.0,0.0,0.0,0.0,0.0,0.0,0.014399091950525,"G, R","secondary, tertiary"
1476.094617,352.103403,G,0.0,0,0.0,0.0,0,0.0,0.0,0.0,0.0,0.0,0.0,0.0,0.034231413743345,"G, R","secondary, tertiary"
2516.911232,440.91518,G,18.0,1,2.37136301197928,0.474272602395856,0,0.0,18.0,0.0,1193.70204,0.009302883059208,0.9999999999,0.0,0.00939125402557,"B, G, R","primary, tertiary, residential"
3711.007868,997.58923,G,0.0,0,0.0,0.0,0,0.0,0.0,0.0,0.0,0.0,0.0,0.0,0.000958789173832,"G, R","primary, secondary, tertiary, residential"
4618.485832,802.859627,G,18.0,4,1.76585634267677,0.353171268535354,0,0.0,18.0,0.0,407.779125,0.075931627173928,0.999999999975,0.0,0.173943342821873,"B, G, R, U","primary, secondary, tertiary, residential"
2575.447267,614.148623,G,0.0,0,0.0,0.0,0,0.0,0.0,0.0,0.0,0.0,0.0,0.0,0.05137843980898,"G, R","secondary, tertiary, residential"
2814.13154,365.995765,G,0.0,0,0.0,0.0,0,0.0,0.0,0.0,0.0,0.0,0.0,0.0,0.089446496696295,"A, G, R","secondary, tertiary"
106865.6505,2593.236058,G,12.0,5,0.07197291921224,0.025083620110468,0,0.0,8.4,0.0,536.1154760000001,1.309559822e-06,0.199999999996,0.0,0.545503352019641,"A, E, G","primary, tertiary"
655.6285312,483.372533,G,0.0,0,0.0,0.0,0,0.0,0.0,0.0,0.0,0.0,0.0,0.0,0.066047343653339,"A, B, G, R",tertiary
5143.254605,1683.953558,G,18.0,1,0.485850534712154,0.097170106942431,0,0.0,18.0,0.0,499.7706,0.048545892505131,0.9999999999,0.0,0.009609417936281,"A, B, G, R, U","primary, secondary, tertiary, residential"
1.2739033,6.612448,G,0.0,0,0.0,0.0,0,0.0,0.0,0.0,0.0,0.0,0.0,0.0,0.039854805017237,"B, G","primary, tertiary"
0.424627,3.146403,G,0.0,0,0.0,0.0,0,0.0,0.0,0.0,0.0,0.0,0.0,0.0,0.057417882156979,"G, R","primary, tertiary, residential"
614.0121159,285.878041,G,0.0,0,0.0,0.0,0,0.0,0.0,0.0,0.0,0.0,0.0,0.0,0.074680946594271,"G, R, S","primary, tertiary, residential"
715.4968187,299.407048,G,0.0,0,0.0,0.0,0,0.0,0.0,0.0,0.0,0.0,0.0,0.0,0.068330211847146,"B, G","primary, tertiary, residential"
1267.490927,160.86472,G,0.0,0,0.0,0.0,0,0.0,0.0,0.0,0.0,0.0,0.0,0.0,0.419058819372702,"B, G",secondary
521.856373,251.065226,G,0.0,0,0.0,0.0,0,0.0,0.0,0.0,0.0,0.0,0.0,0.0,0.119191537214091,"B, G","primary, secondary, residential"
3066.574094,223.216002,G,12.0,4,1.959722425020917,0.653240808340306,0,0.0,12.0,0.0,500.802835,0.330025195775996,0.999999999975,0.0,0.444402998365246,"B, G",residential
0.4246172,3.146335,G,0.0,0,0.0,0.0,0,0.0,0.0,0.0,0.0,0.0,0.0,0.0,0.157336788448364,"A, B, G","primary, secondary"
0.424621,3.146335,G,0.0,0,0.0,0.0,0,0.0,0.0,0.0,0.0,0.0,0.0,0.0,0.157689942633091,"A, B, G","primary, secondary"
5.0953682,14.0061,G,0.0,0,0.0,0.0,0,0.0,0.0,0.0,0.0,0.0,0.0,0.0,0.159379885529526,"A, B, G","primary, secondary"
0.8492272,4.819054,G,0.0,0,0.0,0.0,0,0.0,0.0,0.0,0.0,0.0,0.0,0.0,0.161677405597746,"A, B, G","primary, secondary"
0.8492385,4.819053,G,0.0,0,0.0,0.0,0,0.0,0.0,0.0,0.0,0.0,0.0,0.0,0.163248677544191,"A, B, G","primary, secondary"
0.8492225,4.819052,G,0.0,0,0.0,0.0,0,0.0,0.0,0.0,0.0,0.0,0.0,0.0,0.164850324906282,"A, B, G","primary, secondary"
0.8492271,4.819051,G,0.0,0,0.0,0.0,0,0.0,0.0,0.0,0.0,0.0,0.0,0.0,0.166481683540848,"A, B, G","primary, secondary"
1.2738351,6.588341,G,0.0,0,0.0,0.0,0,0.0,0.0,0.0,0.0,0.0,0.0,0.0,0.167852635134289,"A, B, G",primary
1.2738378,6.58834,G,0.0,0,0.0,0.0,0,0.0,0.0,0.0,0.0,0.0,0.0,0.0,0.169541727043763,"A, B, G",primary
1.2738288,6.588338,G,0.0,0,0.0,0.0,0,0.0,0.0,0.0,0.0,0.0,0.0,0.0,0.17126016105935,"A, B, G",primary
1.2738373,6.588337,G,0.0,0,0.0,0.0,0,0.0,0.0,0.0,0.0,0.0,0.0,0.0,0.173007911130272,"A, B, G",primary
1.2738434,6.588335,G,0.0,0,0.0,0.0,0,0.0,0.0,0.0,0.0,0.0,0.0,0.0,0.174784962987452,"A, B, G",primary
341.8146697,223.896078,G,0.0,0,0.0,0.0,0,0.0,0.0,0.0,0.0,0.0,0.0,0.0,0.201657773458564,"B, G, R, U","secondary, tertiary, residential"
844.9780645,129.631111,G,4.0,1,0.145525233335806,0.145525233335806,0,0.0,4.0,0.0,122.96563,0.142653415615403,0.9999999999,0.0,0.491101039705011,"B, G, U",residential
1.2738475,6.588333,G,0.0,0,0.0,0.0,0,0.0,0.0,0.0,0.0,0.0,0.0,0.0,0.176591309552665,"A, B, G",primary
1.273838,6.588332,G,0.0,0,0.0,0.0,0,0.0,0.0,0.0,0.0,0.0,0.0,0.0,0.178426951573156,"A, B, G, U",primary
1.273836,6.58833,G,0.0,0,0.0,0.0,0,0.0,0.0,0.0,0.0,0.0,0.0,0.0,0.180291898432411,"A, B, G, U",primary
1.2738328,6.588329,G,0.0,0,0.0,0.0,0,0.0,0.0,0.0,0.0,0.0,0.0,0.0,0.18218616722892,"A, B, G, U",primary
1.2738266,6.588327,G,0.0,0,0.0,0.0,0,0.0,0.0,0.0,0.0,0.0,0.0,0.0,0.184109779404277,"A, B, G, U",primary
2388.448226,270.763769,G,0.0,0,0.0,0.0,0,0.0,0.0,0.0,0.0,0.0,0.0,0.0,0.277433463799644,"A, B, G, U","primary, secondary, tertiary, residential"
1.2738305,6.588326,G,0.0,0,0.0,0.0,0,0.0,0.0,0.0,0.0,0.0,0.0,0.0,0.186062755091856,"A, B, G, U",primary
1.2738368,6.588324,G,0.0,0,0.0,0.0,0,0.0,0.0,0.0,0.0,0.0,0.0,0.0,0.188045106202066,"A, B, G, U",primary
1.273831,6.588323,G,0.0,0,0.0,0.0,0,0.0,0.0,0.0,0.0,0.0,0.0,0.0,0.190056829933295,"A, B, G, U",primary
1.2738317,6.588321,G,0.0,0,0.0,0.0,0,0.0,0.0,0.0,0.0,0.0,0.0,0.0,0.192097904542232,"A, B, G, U",primary
1.2738311,6.588319,G,0.0,0,0.0,0.0,0,0.0,0.0,0.0,0.0,0.0,0.0,0.0,0.194168288777672,"A, B, G, U",primary
1.2738273,6.588318,G,0.0,0,0.0,0.0,0,0.0,0.0,0.0,0.0,0.0,0.0,0.0,0.196267925292893,"A, B, G, U",primary
1.2738231,6.588316,G,0.0,0,0.0,0.0,0,0.0,0.0,0.0,0.0,0.0,0.0,0.0,0.198396747613472,"B, G, U",primary
1.2738218,6.588315,G,0.0,0,0.0,0.0,0,0.0,0.0,0.0,0.0,0.0,0.0,0.0,0.200554693065839,"B, G, U",primary
1.2738198,6.588313,G,0.0,0,0.0,0.0,0,0.0,0.0,0.0,0.0,0.0,0.0,0.0,0.202728095929975,"B, G, U",primary
1129.458773,154.372074,G,60.0,2,39.8668083478599,2.738230747267833,1,60.0,48.0,3.0,1546.3593700000001,0.20055143551718,0.99999999995,1.0,0.525822301039081,"B, G, U",primary
360.0698308,398.045979,G,0.0,0,0.0,0.0,0,0.0,0.0,0.0,0.0,0.0,0.0,0.0,0.228570557371997,"B, G, R, U","primary, secondary, tertiary, residential"
0.8492147,4.819014,G,0.0,0,0.0,0.0,0,0.0,0.0,0.0,0.0,0.0,0.0,0.0,0.278559167827546,"B, G, U","primary, tertiary"
0.4246269,3.146306,G,0.0,0,0.0,0.0,0,0.0,0.0,0.0,0.0,0.0,0.0,0.0,0.27920390296289,"B, G, U","primary, tertiary"
3463.107784,1113.716349,G,18.0,1,0.5814050776307,0.11628101552614,0,0.0,18.0,0.0,402.69369,2.008365914e-06,0.9999999999,0.0,0.334731367992966,"A, B, G, R, S, U","trunk, primary, secondary, tertiary, residential"
1679.69257,848.744077,G,0.0,0,0.0,0.0,0,0.0,0.0,0.0,0.0,0.0,0.0,0.0,0.244669017191213,"B, G, R, U","primary, tertiary, residential"
807.1701956,372.771764,G,0.0,0,0.0,0.0,0,0.0,0.0,0.0,0.0,0.0,0.0,0.0,0.274680016559949,"B, G, R","primary, tertiary"
24413.52309,724.639101,G,36.0,3,0.172183883272539,0.019899615397951,0,0.0,31.666666666666668,0.0,161.93990666666667,0.000755740546725,0.333333333322222,0.0,0.309515815118686,"A, B, G, R, U","primary, tertiary, residential"
4479.66342,266.79849,U,36.0,8,2.718771503150118,0.537510469927225,0,0.0,17.125,0.0,300.98324925000003,0.166608655102691,0.9999999999875,0.0,0.386883770863052,"B, G, R","secondary, tertiary"
5050.7472,296.26199,U,12.0,3,0.173964868010024,0.057988289336675,0,0.0,12.0,0.0,97.62806433333333,0.055909412671684,0.666666666644444,0.0,0.412347155580746,"B, G, U",residential
3690.85301,242.3351,U,32.0,3,2.785968195466012,0.381885907182199,0,0.0,18.666666666666668,0.0,469.8282503333333,0.098272906742591,0.999999999966667,0.0,0.356271770224983,"B, G, U",residential
379.85592,78.5573,U,0.0,0,0.0,0.0,0,0.0,0.0,0.0,0.0,0.0,0.0,0.0,0.521179783242945,"A, G, U",secondary
3430.99161,234.67741,U,36.0,4,1.217953750694249,0.228710157061562,0,0.0,21.25,0.0,196.1756555,0.169902974714432,0.999999999975,0.0,0.504272675883064,"A, G, U",secondary
3527.29085,236.60179,U,12.0,1,1.113448699587674,0.371149566529225,0,0.0,12.0,0.0,1309.152474,0.065597944245046,0.9999999999,0.0,0.097663549979678,"A, G, U",secondary
3087.5813,218.99774,U,12.0,1,1.04428855363258,0.348096184544193,0,0.0,12.0,0.0,1074.775267,0.069451788777356,0.9999999999,0.0,0.119540162510503,"A, U","secondary, tertiary"
2392.26442,191.35476,U,6.0,8,0.431244920659732,0.215622460329866,0,0.0,6.0,0.0,64.47824237500001,0.168925812325794,0.874999999989063,0.0,0.718797390814559,"A, U","primary, secondary"
5176.24478,351.03966,U,19.0,5,0.466792049583096,0.160893983070097,0,0.0,8.6,0.0,166.565328,0.090697576637211,0.599999999988,0.0,0.682886082531585,"A, R, U","primary, secondary"
2935.76158,230.10027,U,0.0,0,0.0,0.0,0,0.0,0.0,0.0,0.0,0.0,0.0,0.0,0.244507261317218,A,secondary
3898.62508,256.90808,U,36.0,6,1.630046575291615,0.246126293323902,0,0.0,24.0,0.0,159.925688,0.185846811429042,0.833333333319444,0.0,0.354940886557403,A,secondary
2540.98574,196.32599,U,12.0,1,0.274764186594766,0.091588062198255,0,0.0,12.0,0.0,232.723964,0.0,0.0,0.0,0.606383776514652,"A, R, U","secondary, tertiary"
3158.81816,220.77721,U,20.0,3,1.579229128529513,0.315845825705903,0,0.0,18.666666666666668,0.0,332.566509,0.06783629743576,0.999999999966667,0.0,0.653152876668968,"A, U","primary, secondary"
3260.62123,225.95461,U,18.0,2,1.692333672255455,0.338466734451091,0,0.0,18.0,0.0,551.8059095,0.263878487701922,0.99999999995,0.0,0.597980750473761,"A, R",secondary
1011.08217,132.81747,S,17.0,1,0.32412590165644,0.08103147541411,0,0.0,17.0,0.0,81.929481,0.089323623692403,0.9999999999,0.0,0.716470769478588,A,residential
17041.48932,570.45934,S,0.0,0,0.0,0.0,0,0.0,0.0,0.0,0.0,0.0,0.0,0.0,1.0,R,secondary
105204.7004,1277.05459,S,36.0,5,0.072005305097566,0.016645580885091,0,0.0,21.6,0.0,350.2386684,0.009726667962895,0.399999999992,0.0,0.040355942139819,"A, B, G, R","primary, secondary, tertiary"
4422.59259,266.05705,S,12.0,1,1.441725696013071,0.480575232004357,0,0.0,12.0,0.0,2125.388462,0.084170163370474,0.9999999999,0.0,0.412947643008608,"G, R","secondary, tertiary"
4432.29198,307.68361,A,20.0,3,0.504802747674579,0.115131117783445,0,0.0,18.0,0.0,170.09824266666666,0.051724637703401,0.666666666644444,0.0,0.737182805096404,"A, S",residential
26340.88936,705.73383,A,20.0,34,1.769689051227995,0.444124797007234,0,0.0,14.735294117647058,0.0,344.0777094117647,0.178389206060995,0.382352941175346,0.0,0.678312424397808,"A, R, S",secondary
22564.17667,597.21782,A,12.0,3,0.861572045119074,0.287190681706358,0,0.0,12.0,0.0,2160.073760333333,0.017436583632889,0.333333333322222,0.0,0.241149940162678,"A, G",secondary
31446.19756,700.50474,A,12.0,1,0.834074657832812,0.278024885944271,0,0.0,12.0,0.0,8742.825487,0.0,0.0,0.0,0.121274433868405,"A, G",secondary
3130.93847,223.02855,A,0.0,0,0.0,0.0,0,0.0,0.0,0.0,0.0,0.0,0.0,0.0,0.551745813101947,"A, G, U",residential
8675.95115,410.36973,A,9.0,1,0.108918425618383,0.054459212809192,0,0.0,9.0,0.0,472.485466,0.0,0.0,0.0,0.427084304156789,"G, R","secondary, tertiary, residential"
3917.3512,255.46881,A,0.0,0,0.0,0.0,0,0.0,0.0,0.0,0.0,0.0,0.0,0.0,0.116101558163566,"A, G, U",tertiary
5669.72751,296.6635,A,0.0,0,0.0,0.0,0,0.0,0.0,0.0,0.0,0.0,0.0,0.0,0.137704352972553,"A, U",tertiary
14947.32037,489.71693,A,0.0,0,0.0,0.0,0,0.0,0.0,0.0,0.0,0.0,0.0,0.0,0.527626715668339,R,"secondary, tertiary"
26884.85838,707.80945,A,48.0,6,1.217536052350966,0.293377165262196,1,48.0,20.166666666666668,0.0,1314.5672553333334,0.076539790183113,0.833333333319444,1.0,0.467985723556835,"A, G, R, U",secondary
62667.41789,1142.89848,A,36.0,10,0.826575346233721,0.215585729792066,0,0.0,18.5,0.0,1351.0201007,0.010452731094085,0.399999999996,0.0,0.20116151052066,"A, G, U","secondary, tertiary"
21242.48325,576.31519,A,55.0,6,1.084174728018204,0.264060332023564,2,52.0,27.5,3.0,934.8828636666667,0.125660295593563,0.666666666655556,1.0,0.327474414573768,R,"tertiary, residential"
6000.55091,302.99172,A,6.0,1,0.016482263292722,0.008241131646361,0,0.0,6.0,0.0,49.451325,0.013542369665285,0.9999999999,0.0,0.553319667591762,"B, G, R",secondary
14271.9325,469.09735,A,10.0,5,0.092941780659347,0.071410448444876,0,0.0,5.2,0.0,203.83301840000001,0.022068934126574,0.199999999996,0.0,0.147661968262168,"A, G, R",tertiary
150011.0164,1523.95455,A,36.0,4,1.028410749572123,0.149400824138406,0,0.0,17.75,0.0,5602.94237,0.0,0.0,0.0,0.036848647280876,"A, B, R","primary, secondary"
10392.43469,400.40859,A,18.0,4,1.528012806785317,0.366107490063043,0,0.0,16.5,0.0,951.18704325,0.235848994211797,0.999999999975,0.0,0.20728672952468,"A, R",tertiary
10723.72782,414.55042,A,0.0,0,0.0,0.0,0,0.0,0.0,0.0,0.0,0.0,0.0,0.0,0.660963201788897,"B, R, U",primary
123860.881,1420.96152,A,32.0,4,1.543275423497109,0.300590646856452,0,0.0,19.75,0.0,9307.85558225,0.009211962154333,0.4999999999875,0.0,0.105714305247179,G,"primary, secondary"
2832.64006,215.4349,A,12.0,1,0.456702712874858,0.152234237624953,0,0.0,12.0,0.0,431.224795,0.110078783633614,0.9999999999,0.0,0.380513487527509,"A, G","secondary, tertiary"
21606.60859,627.01042,A,18.0,6,1.428503229529739,0.285700645905948,0,0.0,18.0,0.0,1028.8370061666667,0.097046172810628,0.666666666655556,0.0,0.577001399284336,R,"primary, tertiary"
24467.88075,625.69735,A,18.0,7,1.501559295036208,0.330587804176706,0,0.0,11.142857142857142,0.0,1155.5404228571429,0.044094087795673,0.999999999985714,0.0,0.463126772997748,"A, G, R","primary, tertiary"
29713.81218,688.33714,A,23.0,16,1.752284069596619,0.347923307092803,0,0.0,18.3125,0.0,646.1329868125,0.0,0.0,0.0,0.472759713471976,"A, G, R, U",tertiary
168870.091,1880.59759,A,36.0,17,1.171565779282964,0.279095232441131,0,0.0,22.529411764705884,0.0,2772.402193,0.064796782834731,0.529411764702768,0.0,0.291868882779717,U,"primary, secondary, tertiary"
16362.90705,510.14128,A,36.0,17,0.944385148847986,0.202178250471697,0,0.0,11.882352941176471,0.0,194.6014058235294,0.230502932162775,0.705882352937024,0.0,0.611137894556888,"A, R, U","primary, tertiary"
10243.65626,446.64066,A,18.0,9,0.984450367529221,0.263627500909524,0,0.0,11.88888888888889,0.0,300.0566111111111,0.147076601744573,0.666666666659259,0.0,0.546786213242064,"G, R, U",secondary
14598.20744,478.58104,A,0.0,0,0.0,0.0,0,0.0,0.0,0.0,0.0,0.0,0.0,0.0,0.588739840859008,"A, B, R","tertiary, residential"
12450.50271,444.34423,A,43.0,45,2.538893703835031,0.493994687865901,0,0.0,18.77777777777778,0.0,136.67738188888887,0.41361199786157,0.555555555554321,0.0,0.598211624932317,"B, R","secondary, tertiary, residential"
12031.5158,430.43177,A,40.0,6,3.866688794939704,0.541349397554712,0,0.0,23.666666666666668,0.0,1085.5423039999998,0.125284434420432,0.833333333319444,0.0,0.737061560884472,"A, R","primary, tertiary, residential"
2401.69255,207.43397,A,66.0,2,10.422695506966534,0.813040232814146,1,66.0,39.0,0.0,976.3363334999999,0.399417264825573,0.99999999995,1.0,0.793404195437859,"B, R",residential
47409.79691,845.41391,R,66.0,11,2.944714698842189,0.20559707582177,6,66.0,45.81818181818182,0.0,886.1196009090909,0.01603807549015,0.545454545449587,0.5,0.656577193295585,A,"secondary, residential"
20219.57241,562.86036,R,13.0,9,0.274816520711973,0.122646886378939,0,0.0,6.777777777777778,0.0,275.5408438888889,0.154263754796903,0.666666666659259,0.0,0.611586201285626,B,"secondary, residential"
67015.99598,1040.22632,R,66.0,14,3.266905813581255,0.221140070714204,9,66.0,52.142857142857146,0.0,1058.5658630714286,0.075010462040097,0.499999999996429,0.333333333333333,0.388838413789959,"B, U","secondary, tertiary, residential"
15133.17414,481.59505,R,0.0,0,0.0,0.0,0,0.0,0.0,0.0,0.0,0.0,0.0,0.0,0.680069899742243,"G, R","secondary, residential"
32895.04854,724.1529,R,14.0,20,0.396954782544911,0.144769223678428,0,0.0,9.8,0.0,238.1095312,0.235004861976738,0.6999999999965,0.0,0.453011923823292,R,"secondary, residential"
17649.63767,534.64912,R,66.0,6,2.573449279766433,0.215178664911369,3,66.0,43.0,0.0,632.9709108333333,0.001622668983984,0.333333333327778,0.666666666666667,0.306871793151011,R,"secondary, tertiary, residential"
25333.67696,627.87182,R,0.0,0,0.0,0.0,0,0.0,0.0,0.0,0.0,0.0,0.0,0.0,0.338981925292133,R,"secondary, residential"
21628.80055,577.89216,R,36.0,9,2.091238967017059,0.28658437418528,0,0.0,28.88888888888889,0.0,688.719585,0.05804765127696,0.888888888879012,0.0,0.756390957916815,R,"secondary, residential"
19322.00092,549.51517,R,0.0,0,0.0,0.0,0,0.0,0.0,0.0,0.0,0.0,0.0,0.0,0.531430770698866,"A, G, R","secondary, tertiary, residential"
71862.65754,1419.25865,R,0.0,0,0.0,0.0,0,0.0,0.0,0.0,0.0,0.0,0.0,0.0,0.857168040596579,"G, R, S","secondary, residential"
29702.98527,674.73263,R,66.0,6,2.190217700969826,0.153556583236995,5,66.0,56.333333333333336,0.0,760.1814886666667,0.016936238618472,0.333333333327778,0.2,0.617298682086583,"A, R","secondary, tertiary, residential"
14662.24776,488.05126,R,0.0,0,0.0,0.0,0,0.0,0.0,0.0,0.0,0.0,0.0,0.0,0.473636761806549,"A, R","secondary, tertiary, residential"
14500.46289,472.92318,R,66.0,5,3.887366355654319,0.240628228662016,4,66.0,60.0,0.0,697.8441369999999,0.057204802781649,0.599999999988,0.75,0.305531398479826,"G, R","secondary, tertiary"
98896.01533,1274.96741,R,36.0,3,0.017667136680582,0.005267365305485,0,0.0,20.666666666666668,0.0,173.64047766666667,0.005531428952307,0.999999999966667,0.0,0.156133232443728,B,"primary, secondary, tertiary"
21961.70133,590.26209,R,13.0,5,0.137177647338491,0.056859019765205,0,0.0,8.2,0.0,249.744161,0.045842271675442,0.399999999992,0.0,0.393260637804608,"A, G, R","secondary, tertiary"
50766.90984,937.89623,R,9.0,26,0.294116430703752,0.147058215351876,0,0.0,9.0,0.0,287.1419673846154,0.038589741372089,0.269230769229734,0.0,0.675900772008726,"A, R","secondary, tertiary"
31885.04041,746.27236,R,217.0,13,5.395311182545871,0.29985308367373,6,114.0,60.0,69.37098336720716,735.4482836923077,0.285506225251892,0.461538461534911,0.833333333333333,0.214886366548527,"A, G, R","primary, tertiary"
12281.60214,433.64885,R,66.0,6,3.219337224027679,0.315119134774382,3,66.0,41.0,0.0,645.027973,0.068870058089943,0.499999999991667,0.333333333333333,0.255089511568471,"A, R","primary, tertiary"
68872.00523,1036.38617,R,12.0,68,0.884560005717144,0.29873208325054,0,0.0,11.882352941176471,0.0,302.5629060147059,0.132429992181523,0.205882352940874,0.0,0.344569976984388,R,secondary
8594.37694,380.2102,R,18.0,6,0.929107218096953,0.185821443619391,0,0.0,18.0,0.0,266.16991966666666,0.008051115336148,0.333333333327778,0.0,0.304659170031786,"A, G, R","primary, tertiary, residential"
92491.58596,1265.96972,R,168.0,14,3.547873433178181,0.190763836049158,12,82.58333333333333,74.21428571428571,37.09550362090922,1260.2892654285715,0.003629777205331,0.142857142856122,0.166666666666667,0.653433679326431,"A, G","primary, secondary"
83293.06659,1147.09385,R,66.0,28,2.615627848983006,0.206783491653408,16,66.0,46.964285714285715,0.0,615.1296835,0.011177131754421,0.321428571427423,0.1875,0.09437292678716,G,"primary, secondary"
35467.3586,881.52509,R,66.0,35,1.25032795027482,0.206599851504025,1,66.0,19.942857142857143,0.0,209.35859960000002,0.076071283359989,0.257142857142122,0.0,0.42421443689139,"A, B, G, R","secondary, tertiary, residential"
16208.22205,500.98162,R,18.0,8,1.712533852533196,0.342506770506639,0,0.0,18.0,0.0,693.928223375,0.349760219838617,0.49999999999375,0.0,0.137174183208005,"A, G, R",tertiary
15403.4586,492.9515,R,66.0,7,2.359480011196966,0.359408492194084,1,66.0,24.857142857142858,0.0,790.8762605714286,0.218175577429173,0.857142857130612,1.0,0.269762586522286,"A, G, R","tertiary, residential"
68929.70759,1047.84752,R,30.0,61,1.102516725183746,0.345950968947089,0,0.0,12.836065573770492,0.0,390.9229360163934,0.094147033079999,0.327868852458479,0.0,0.522838167539821,"A, B, R, U",secondary
6304.58143,346.43628,R,18.0,8,3.053953979939316,0.610790795987863,0,0.0,18.0,0.0,481.34753950000004,0.285586445504583,0.9999999999875,0.0,0.314691303089922,"G, R","tertiary, residential"
16311.12279,500.5023,R,18.0,18,3.192072358864267,0.638414471772853,0,0.0,18.0,0.0,578.5142683888889,0.228001865674381,0.555555555552469,0.0,0.144082376829371,"G, R","secondary, tertiary"
2952.39094,219.54587,R,0.0,0,0.0,0.0,0,0.0,0.0,0.0,0.0,0.0,0.0,0.0,0.354054358430384,"G, R",residential
23749.23293,601.12061,R,66.0,22,3.299266268133739,0.604790390592207,1,66.0,19.90909090909091,0.0,652.877629909091,0.076130811359511,0.636363636360744,1.0,0.223412950551306,"A, R","tertiary, residential"
12286.92884,497.53159,R,66.0,3,1.879899809853542,0.236987158297891,1,66.0,34.0,0.0,970.6147863333334,0.099704365041681,0.999999999966667,1.0,0.352060211713131,"G, R","primary, secondary, tertiary, residential"
32446.80066,765.45935,R,66.0,24,1.783168028992354,0.29826137964753,1,66.0,20.5,0.0,403.23448008333327,0.348638357346275,0.499999999997917,0.0,0.252116018346774,"G, R","secondary, tertiary"
161995.4899,1821.91221,R,129.0,48,2.306866691416451,0.231740517980927,9,73.0,36.895833333333336,19.79898987322333,782.1024729583334,0.051552623983904,0.291666666666059,0.444444444444444,0.35934126899064,A,"primary, secondary, tertiary"
16156.16801,609.25277,R,66.0,7,2.125912377782954,0.318198373947214,1,66.0,24.857142857142858,0.0,734.4094851428572,0.162531131733189,0.71428571427551,1.0,0.370482339586454,"G, R","primary, secondary, tertiary, residential"
2714.65993,221.00983,R,36.0,5,3.467709857860539,0.474729517962126,0,0.0,25.2,0.0,257.74583739999997,0.239223402054734,0.99999999998,0.0,0.391462329863313,R,"primary, secondary, tertiary"
105093.4036,1437.32567,R,193.0,52,1.974389109232352,0.257928159536742,6,136.5,32.78846153846154,26.669270706189174,521.2797717884615,0.213649464321892,0.519230769229771,0.333333333333333,0.250785940714845,B,"primary, secondary, tertiary, residential"
25647.89081,628.57751,R,36.0,11,1.470220772512716,0.289778445138351,0,0.0,21.272727272727273,0.0,675.6550824545454,0.101012854482294,0.545454545449587,0.0,0.307016690460436,"B, R","secondary, tertiary, residential"
13488.99939,455.15026,R,18.0,13,2.622043609566802,0.524408721913361,0,0.0,18.0,0.0,544.1345316923077,0.290742252768383,0.999999999992308,0.0,0.591687009964514,A,"primary, tertiary"
10622.84604,446.75005,R,18.0,4,2.61535804015098,0.523071608030196,0,0.0,18.0,0.0,1389.12728825,0.0631891661161,0.24999999999375,0.0,0.451943956610675,"A, G, R",secondary
21180.76612,573.49253,R,18.0,8,2.678275187432172,0.535655037486434,0,0.0,18.0,0.0,1418.198008125,0.583837624823944,0.49999999999375,0.0,0.378494000371581,"B, G, R, S","secondary, tertiary, residential"
4940.69884,277.58572,R,4.0,3,0.230982149885501,0.230982149885501,0,0.0,4.0,0.0,380.40441366666664,0.182729330243579,0.999999999966667,0.0,0.53945085156133,"A, R, U","secondary, tertiary"
4308.40254,278.91723,R,18.0,4,1.869467320015089,0.373893464003018,0,0.0,18.0,0.0,402.720886,0.036405263755306,0.74999999998125,0.0,0.47524563447284,"A, G, R, S",tertiary
7229.18287,335.46875,R,18.0,8,2.411841360709693,0.482368272141939,0,0.0,18.0,0.0,435.891055875,0.250456563374359,0.749999999990625,0.0,0.459076120535796,"A, B, R","secondary, tertiary, residential"
3956.60148,273.58679,R,18.0,4,2.189920818105745,0.437984163621149,0,0.0,18.0,0.0,433.23219825,0.187947221551088,0.74999999998125,0.0,0.557018464266426,"A, B, R","secondary, tertiary"
12237.24866,436.9624,R,66.0,2,4.094983644795856,0.292730500092657,1,66.0,42.0,0.0,1791.1079619999998,0.124924780189772,0.99999999995,1.0,0.499527861400308,"A, B, G, R","secondary, tertiary, residential"
14499.40516,488.86574,R,36.0,8,2.065581995916859,0.25993497584283,0,0.0,31.5,0.0,471.112815875,0.107065987641352,0.874999999989063,0.0,0.520662145910531,"A, G, R, S, U",tertiary
11887.52073,427.93381,R,40.0,41,2.084437900282004,0.449449492568834,0,0.0,17.365853658536587,0.0,130.31317419512195,0.348000553294616,0.51219512194997,0.0,0.54402073782982,"A, B, R","secondary, tertiary"
12102.55994,459.51019,R,66.0,4,3.87285450783729,0.309051714558168,2,65.5,41.75,0.5,935.0792265,0.171501675540944,0.999999999975,1.0,0.597207960498046,"R, U","secondary, tertiary, residential"
9803.87636,390.91387,R,45.0,37,2.010212661433441,0.487862918132517,0,0.0,16.18918918918919,0.0,129.2688565945946,0.332623408245559,0.567567567566034,0.0,0.644715051640722,"A, B, R","tertiary, residential"
24351.48899,647.49851,R,36.0,7,5.665161595525087,0.74943074846447,0,0.0,28.285714285714285,0.0,2607.1078012857142,0.581084385063264,0.857142857130612,0.0,0.682905556021949,"A, R","primary, secondary, tertiary, residential"
18231.90657,519.5945,R,34.0,64,2.331101315532905,0.456040486938498,0,0.0,18.671875,0.0,129.91386771875,0.315204959522065,0.437499999999316,0.0,0.672900254024615,"A, B, R","secondary, tertiary, residential"
14859.2587,481.4997,R,34.0,58,2.094564331126424,0.474511424987843,0,0.0,16.93103448275862,0.0,121.56703479310345,0.440140466149499,0.534482758619768,0.0,0.709321792463422,"A, B, R","tertiary, residential"
9548.20473,430.12174,R,66.0,12,4.986578497882712,0.677491246042857,1,66.0,21.5,0.0,539.0687601666667,0.451916254199861,0.916666666659028,1.0,0.808374933185156,"A, R","primary, tertiary, residential"
6786.21777,358.4921,R,36.0,9,3.962717345865546,0.601086550454157,0,0.0,23.333333333333332,0.0,453.23380055555555,0.527263992906342,0.777777777769136,0.0,0.836756567243467,"A, B, R","primary, residential"
5795.1719,309.19196,B,12.0,4,0.621115537573614,0.207038512524538,0,0.0,12.0,0.0,299.95594225,0.09049586714658,0.999999999975,0.0,0.449382867874503,"B, G",residential
8785.49249,361.81186,B,16.0,9,0.533455362386862,0.151582612075057,0,0.0,13.444444444444445,0.0,147.96976555555557,0.137709560371351,0.666666666659259,0.0,0.553409702381596,"B, G",secondary
5025.59044,286.81589,B,12.0,3,0.655919132160718,0.218639710720239,0,0.0,12.0,0.0,366.26454433333333,0.168200392471749,0.999999999966667,0.0,0.425870348494977,"B, G",residential
9585.96121,384.03453,B,12.0,4,0.244687800066739,0.081562600022246,0,0.0,12.0,0.0,195.4639775,0.065059110875526,0.999999999975,0.0,0.376811012100204,"B, G",secondary
7866.05886,406.99829,B,12.0,6,0.751596168452775,0.250532056150925,0,0.0,11.666666666666666,0.0,328.44998400000003,0.160376282236557,0.833333333319444,0.0,0.464653136606773,"B, G, U",residential
4400.76623,273.79388,B,14.0,7,1.548461277844336,0.672210502760561,0,0.0,7.857142857142857,0.0,422.60589814285714,0.417061046474279,0.999999999985714,0.0,0.534441604764595,"B, R",secondary
5419.45439,295.99374,B,0.0,0,0.0,0.0,0,0.0,0.0,0.0,0.0,0.0,0.0,0.0,0.40694496613848,"B, G",secondary
4662.21571,271.83718,B,14.0,4,0.935163032171242,0.371282503357186,0,0.0,8.75,0.0,432.749779,0.211218853854297,0.74999999998125,0.0,0.493628120453457,"B, G, R",secondary
4710.16128,266.19248,B,12.0,4,0.795581464675452,0.265193821558484,0,0.0,12.0,0.0,312.27641775,0.12562677183471,0.999999999975,0.0,0.340804059895234,"B, G",secondary
7632.51936,340.99604,B,15.0,7,0.263964243649164,0.065991060912291,0,0.0,15.0,0.0,71.954004,0.069940454957922,0.571428571420408,0.0,0.431004035473757,"B, G, R, U",secondary
6374.00023,309.48593,B,12.0,11,1.110439346501247,0.370146448833749,0,0.0,12.0,0.0,214.48304936363635,0.134208485910801,0.727272727266116,0.0,0.295980751347423,"B, G",secondary
5952.51422,302.60135,B,0.0,0,0.0,0.0,0,0.0,0.0,0.0,0.0,0.0,0.0,0.0,0.3783810623674,"B, G",secondary
4018.68975,253.66219,B,0.0,0,0.0,0.0,0,0.0,0.0,0.0,0.0,0.0,0.0,0.0,0.310246435329585,"B, G",secondary
22482.83076,590.18235,B,66.0,7,3.886999700477219,0.255113857824547,2,66.0,27.428571428571427,0.0,819.3830965714286,0.118286711065695,0.857142857130612,0.5,0.355479334935036,"B, U","secondary, tertiary"
5455.44437,294.90642,B,0.0,0,0.0,0.0,0,0.0,0.0,0.0,0.0,0.0,0.0,0.0,0.368776025453358,"B, G",residential
20873.6192,570.32756,B,66.0,3,6.899731658896986,0.405866568170411,3,66.0,66.0,0.0,2823.9680606666666,0.01226131504551,0.666666666644444,0.666666666666667,0.243673139126865,"B, G",secondary
7806.84737,339.81458,B,0.0,0,0.0,0.0,0,0.0,0.0,0.0,0.0,0.0,0.0,0.0,0.248191064914166,"B, G",secondary
5867.54632,308.98047,B,0.0,0,0.0,0.0,0,0.0,0.0,0.0,0.0,0.0,0.0,0.0,0.364092506329442,"B, G",secondary
4010.57148,268.35245,B,0.0,0,0.0,0.0,0,0.0,0.0,0.0,0.0,0.0,0.0,0.0,0.189657166218299,"B, G",secondary
20551.30777,564.20883,B,6.0,1,0.054275213649822,0.027137606824911,0,0.0,6.0,0.0,557.713306,0.041153901458166,0.9999999999,0.0,0.730866186882104,R,secondary
6979.1348,324.66423,B,0.0,0,0.0,0.0,0,0.0,0.0,0.0,0.0,0.0,0.0,0.0,0.289767097204358,"B, G",secondary
5902.72819,302.93813,B,0.0,0,0.0,0.0,0,0.0,0.0,0.0,0.0,0.0,0.0,0.0,0.163275396814288,"B, G",secondary
14399.23659,470.84562,B,0.0,0,0.0,0.0,0,0.0,0.0,0.0,0.0,0.0,0.0,0.0,0.258137757887487,"B, R","secondary, tertiary, residential"
7803.36239,347.56051,B,0.0,0,0.0,0.0,0,0.0,0.0,0.0,0.0,0.0,0.0,0.0,0.22642383959091,"B, G",secondary
5014.35764,283.21056,B,0.0,0,0.0,0.0,0,0.0,0.0,0.0,0.0,0.0,0.0,0.0,0.147538071453404,B,secondary
5326.74227,289.30739,B,66.0,1,4.529248172166588,0.266426363068623,1,66.0,66.0,0.0,1419.184571,0.0,0.0,0.0,0.142550386893814,B,secondary
8095.35977,370.63349,B,0.0,0,0.0,0.0,0,0.0,0.0,0.0,0.0,0.0,0.0,0.0,0.370262654652459,"B, G",secondary
7021.9169,331.43312,B,0.0,0,0.0,0.0,0,0.0,0.0,0.0,0.0,0.0,0.0,0.0,0.155031103725755,"B, G",secondary
7861.4514,376.27192,B,0.0,0,0.0,0.0,0,0.0,0.0,0.0,0.0,0.0,0.0,0.0,0.31679140845414,"B, G",secondary
4791.89409,281.71831,B,66.0,2,4.783836332659849,0.521856777932252,1,66.0,39.0,0.0,1250.3412039999998,0.198456538594112,0.99999999995,1.0,0.112399309125357,"B, G",secondary
5271.49936,296.85422,B,66.0,2,4.797037587044305,0.448364096927444,1,66.0,39.0,0.0,1181.775525,0.110143867353378,0.99999999995,1.0,0.100098103242494,B,secondary
14632.44872,485.4221,B,66.0,5,6.113309224705078,0.368354367962548,4,66.0,56.2,0.0,1077.9852808,0.051455297086877,0.599999999988,0.75,0.210051084009986,"B, R","secondary, tertiary, residential"
4841.53788,288.79523,B,66.0,2,7.764050950686768,0.456708879452163,2,66.0,66.0,0.0,1105.586667,0.136748414241223,0.499999999975,0.5,0.091142742972336,B,secondary
5384.81713,292.91682,B,0.0,0,0.0,0.0,0,0.0,0.0,0.0,0.0,0.0,0.0,0.0,0.211960136827072,"B, G",secondary
6110.17095,307.56126,B,12.0,2,1.037609221064429,0.345869740354809,0,0.0,12.0,0.0,1056.6616185,0.023427336315432,0.99999999995,0.0,0.087550199233464,B,secondary
4134.41488,249.19246,B,0.0,0,0.0,0.0,0,0.0,0.0,0.0,0.0,0.0,0.0,0.0,0.262576213279211,"B, G",secondary
4046.10901,247.1975,B,0.0,0,0.0,0.0,0,0.0,0.0,0.0,0.0,0.0,0.0,0.0,0.220317961228646,"B, G",secondary
6157.6787,327.64358,B,0.0,0,0.0,0.0,0,0.0,0.0,0.0,0.0,0.0,0.0,0.0,0.13270779238957,"B, G",secondary
5012.10649,278.4229,B,0.0,0,0.0,0.0,0,0.0,0.0,0.0,0.0,0.0,0.0,0.0,0.143531018243943,B,secondary
9258.50906,389.13467,B,0.0,0,0.0,0.0,0,0.0,0.0,0.0,0.0,0.0,0.0,0.0,0.063520459366233,G,secondary
4967.08627,274.91885,B,0.0,0,0.0,0.0,0,0.0,0.0,0.0,0.0,0.0,0.0,0.0,0.108529312177126,"B, G",residential
8480.08204,394.68245,B,0.0,0,0.0,0.0,0,0.0,0.0,0.0,0.0,0.0,0.0,0.0,0.428111921737073,"B, G, U",residential
4532.88618,261.1289,B,0.0,0,0.0,0.0,0,0.0,0.0,0.0,0.0,0.0,0.0,0.0,0.151409763430014,B,secondary
7570.08965,339.18257,B,0.0,0,0.0,0.0,0,0.0,0.0,0.0,0.0,0.0,0.0,0.0,0.038150343573104,B,secondary
6100.28375,340.06035,B,0.0,0,0.0,0.0,0,0.0,0.0,0.0,0.0,0.0,0.0,0.0,0.273060813234091,"B, G, U",secondary
6416.46955,322.63703,B,0.0,0,0.0,0.0,0,0.0,0.0,0.0,0.0,0.0,0.0,0.0,0.0720784442457,"B, G",residential
4562.14392,264.26574,B,0.0,0,0.0,0.0,0,0.0,0.0,0.0,0.0,0.0,0.0,0.0,0.117181306465694,B,secondary
33002.64027,710.61429,B,36.0,7,1.283878820402026,0.311177837772432,0,0.0,13.142857142857142,0.0,1467.0986044285714,0.187962842848507,0.999999999985714,0.0,0.157554796234935,R,"secondary, tertiary"
7660.01378,337.55428,B,7.0,3,0.261185237711152,0.130592618855576,0,0.0,7.0,0.0,333.4470853333333,0.03804372273516,0.666666666644444,0.0,0.026335462430512,"B, G",secondary
7244.07016,332.98681,B,18.0,7,0.790132352887096,0.268422674967576,0,0.0,12.0,0.0,277.7818138571428,0.050280825488252,0.571428571420408,0.0,0.473435868197342,"B, G",secondary
4960.65904,275.55401,B,0.0,0,0.0,0.0,0,0.0,0.0,0.0,0.0,0.0,0.0,0.0,0.28178814230499,"B, G",secondary
6617.18422,327.22455,B,0.0,0,0.0,0.0,0,0.0,0.0,0.0,0.0,0.0,0.0,0.0,0.050281493968152,"B, G",secondary
4293.87502,256.79294,B,0.0,0,0.0,0.0,0,0.0,0.0,0.0,0.0,0.0,0.0,0.0,0.081615972282396,B,secondary
7555.96404,330.22476,B,7.0,6,0.248922436639865,0.124461218319933,0,0.0,7.0,0.0,156.73741483333333,0.078653295272873,0.666666666655556,0.0,0.012127663632487,"B, G",secondary
4951.29093,276.0837,B,0.0,0,0.0,0.0,0,0.0,0.0,0.0,0.0,0.0,0.0,0.0,0.304313222440739,"B, G",secondary
6486.41951,306.46411,B,12.0,7,1.019621197766162,0.339873732588721,0,0.0,12.0,0.0,314.9376575714286,0.209813820272016,0.71428571427551,0.0,0.404680251978535,"B, G",secondary
4212.78489,252.0693,B,0.0,0,0.0,0.0,0,0.0,0.0,0.0,0.0,0.0,0.0,0.0,0.059924603581737,B,secondary
7921.77676,353.63202,B,66.0,1,16.69735786646934,0.98219752155702,1,66.0,66.0,0.0,7780.749497,0.248513632829717,0.9999999999,1.0,0.020328519063352,"B, G",secondary
7204.05492,321.74782,B,12.0,8,0.695384300318466,0.231794766772822,0,0.0,12.0,0.0,208.732779875,0.111579800224201,0.624999999992187,0.0,0.343949313029863,"B, G",secondary
5603.97766,293.99453,B,66.0,1,23.603367023415295,1.388433354318547,1,66.0,66.0,0.0,7780.749497,0.513272890027806,0.9999999999,1.0,0.009087635801359,"B, G",residential
5093.82513,276.95573,B,7.0,3,0.274684674933079,0.13734233746654,0,0.0,7.0,0.0,233.19928233333334,0.024779307191378,0.666666666644444,0.0,0.030129201725305,B,secondary
4976.26947,292.71847,B,0.0,0,0.0,0.0,0,0.0,0.0,0.0,0.0,0.0,0.0,0.0,0.001230662797746,"B, G",secondary
5129.44024,281.79553,B,7.0,4,0.964957381002649,0.482478690501325,0,0.0,7.0,0.0,618.71140125,0.195727917478577,0.999999999975,0.0,0.018370493657444,B,secondary
7660.19275,354.08363,B,0.0,0,0.0,0.0,0,0.0,0.0,0.0,0.0,0.0,0.0,0.0,0.001518241159667,"B, G",residential
7114.76778,336.83078,B,7.0,9,1.027708935287274,0.513854467643637,0,0.0,7.0,0.0,406.21724666666665,0.396421474378459,0.999999999988889,0.0,0.010525070215349,B,secondary
4201.50432,262.08151,B,12.0,2,1.287488617886272,0.433086176143691,0,0.0,9.0,0.0,909.8067155,0.414370361043384,0.99999999995,0.0,0.519867388351919,"A, G, R","secondary, residential"
11708.17542,423.66067,B,6.0,2,0.232086418466047,0.116043209233023,0,0.0,6.0,0.0,679.3271249999999,0.003224988175023,0.499999999975,0.0,0.629753060456467,"A, R","primary, secondary"
9687.53793,451.62204,B,8.0,12,1.018382790476465,0.536566255281748,0,0.0,7.666666666666667,0.0,433.1671621666667,0.364044244231814,0.916666666659028,0.0,0.308063064327975,R,"secondary, tertiary, residential"
11767.8099,435.0411,B,36.0,3,4.51585053477113,0.576828387582978,0,0.0,28.0,0.0,2262.6689356666666,0.278663181296032,0.666666666644444,0.0,0.368405993535652,"B, R","secondary, residential"
11505.04321,431.77888,B,18.0,10,0.870586449540158,0.198069910595321,0,0.0,12.4,0.0,227.8802874,0.072100698783815,0.399999999996,0.0,0.398296396959617,"B, R","secondary, tertiary, residential"
3035.37538,241.15741,B,0.0,0,0.0,0.0,0,0.0,0.0,0.0,0.0,0.0,0.0,0.0,0.426088602499421,"B, R","tertiary, residential"
24470.45188,620.79772,B,36.0,8,3.017160789758166,0.50045028592255,0,0.0,24.75,0.0,1530.780578875,0.410516195399237,0.624999999992187,0.0,0.484532483492813,"A, B, R","secondary, tertiary, residential"
12184.99182,433.42968,B,18.0,18,1.205404810850337,0.278452757303533,0,0.0,16.444444444444443,0.0,188.4969196111111,0.151968982788679,0.666666666662963,0.0,0.771041573915368,"A, R","tertiary, residential"
2854.47594,211.45384,G,11.0,1,0.315847423117534,0.105282474372511,0,0.0,11.0,0.0,300.526292,0.05541604875795,0.9999999999,0.0,0.474568488023417,"B, U",residential
2867.19733,217.21925,G,12.0,5,1.691824779287166,0.563941593095722,0,0.0,12.0,0.0,323.3863658,0.260805576592028,0.99999999998,0.0,0.354295108936897,B,residential
13588.46236,687.67948,G,12.0,15,0.498901671903369,0.194953810800415,0,0.0,9.0,0.0,176.60816846666665,0.194746946139422,0.866666666660889,0.0,0.293207089024406,"B, G","secondary, tertiary"
2859.50443,217.46178,G,0.0,0,0.0,0.0,0,0.0,0.0,0.0,0.0,0.0,0.0,0.0,0.303990305058966,B,residential
2681.27893,427.27693,G,0.0,0,0.0,0.0,0,0.0,0.0,0.0,0.0,0.0,0.0,0.0,0.408622865640642,B,secondary
39887.8302,1018.05877,G,12.0,6,0.121330619533173,0.040443539844391,0,0.0,12.0,0.0,268.8675078333333,0.0,0.0,0.0,0.283953486749142,"A, G",secondary
6257.58052,431.85666,G,0.0,0,0.0,0.0,0,0.0,0.0,0.0,0.0,0.0,0.0,0.0,0.194175420707421,"A, G",secondary
0.84889,4.8181,G,0.0,0,0.0,0.0,0,0.0,0.0,0.0,0.0,0.0,0.0,0.0,0.182200557890994,"A, G",secondary
0.84888,4.81809,G,0.0,0,0.0,0.0,0,0.0,0.0,0.0,0.0,0.0,0.0,0.0,0.168465960701161,"A, G",residential
3552.5939,259.3278,G,0.0,0,0.0,0.0,0,0.0,0.0,0.0,0.0,0.0,0.0,0.0,0.17816055437542,"B, G",secondary
1509.31875,229.30064,G,0.0,0,0.0,0.0,0,0.0,0.0,0.0,0.0,0.0,0.0,0.0,0.407988404679331,B,secondary
3693.07294,299.18225,G,6.0,2,0.06278844847294,0.03139422423647,0,0.0,6.0,0.0,57.97058,0.022884065643519,0.99999999995,0.0,0.776963854457841,"G, R","secondary, residential"
3556.36608,256.65339,G,0.0,0,0.0,0.0,0,0.0,0.0,0.0,0.0,0.0,0.0,0.0,0.133202316953408,"B, G",secondary
4052.53119,252.36005,G,0.0,0,0.0,0.0,0,0.0,0.0,0.0,0.0,0.0,0.0,0.0,0.254968603408079,B,secondary
3471.89315,281.93383,G,18.0,2,0.178783223786711,0.051080618653256,0,0.0,12.0,0.0,88.673226,0.039459683210301,0.99999999995,0.0,0.653080063843174,"G, R","secondary, residential"
33176.66696,718.68442,G,18.0,10,0.071378880610736,0.030127727453909,0,0.0,8.1,0.0,99.9537573,0.026916528983585,0.499999999995,0.0,0.154879494472442,"A, G",secondary
4167.0703,279.93479,G,0.0,0,0.0,0.0,0,0.0,0.0,0.0,0.0,0.0,0.0,0.0,0.102576590132217,"B, G",secondary
7192.43659,718.30693,G,12.0,4,0.182168037716409,0.060722679238803,0,0.0,12.0,0.0,109.186002,0.018294820047976,0.999999999975,0.0,0.404839623032015,"B, G, U",secondary
4442.08026,349.39078,G,0.0,0,0.0,0.0,0,0.0,0.0,0.0,0.0,0.0,0.0,0.0,0.501726567730857,"G, R","secondary, tertiary"
3642.87126,305.44077,G,0.0,0,0.0,0.0,0,0.0,0.0,0.0,0.0,0.0,0.0,0.0,0.263401051762793,"B, G, U",secondary
3901.7624,311.40994,G,0.0,0,0.0,0.0,0,0.0,0.0,0.0,0.0,0.0,0.0,0.0,0.060667135761197,"B, G",secondary
1264.366,196.35792,G,12.0,3,1.142325157430681,0.380775052476894,0,0.0,12.0,0.0,160.47967566666668,0.097496606253448,0.999999999966667,0.0,0.511062677800326,"B, G",secondary
8899.77739,366.52893,G,0.0,0,0.0,0.0,0,0.0,0.0,0.0,0.0,0.0,0.0,0.0,0.355319571682252,"B, U",residential
4169.94188,333.34476,G,7.0,3,0.342320128452246,0.171160064226123,0,0.0,7.0,0.0,237.90917133333332,0.070756863057129,0.999999999966667,0.0,0.157969294614977,"A, G","secondary, tertiary"
15066.52653,491.21802,G,9.0,1,0.110054438672269,0.055027219336135,0,0.0,9.0,0.0,829.069057,0.0,0.0,0.0,0.395536231577024,"A, G, R","secondary, tertiary"
7055.53567,425.08751,G,0.0,0,0.0,0.0,0,0.0,0.0,0.0,0.0,0.0,0.0,0.0,0.011339899098614,"B, G",secondary
3808.28511,314.25961,G,0.0,0,0.0,0.0,0,0.0,0.0,0.0,0.0,0.0,0.0,0.0,0.095256298584087,"A, G, U","secondary, tertiary"
3186.08753,269.51791,G,0.0,0,0.0,0.0,0,0.0,0.0,0.0,0.0,0.0,0.0,0.0,0.276706533679826,"G, R","secondary, tertiary"
3148.7213,271.83554,G,0.0,0,0.0,0.0,0,0.0,0.0,0.0,0.0,0.0,0.0,0.0,0.0,"B, G",residential
7140.66834,540.85258,G,0.0,0,0.0,0.0,0,0.0,0.0,0.0,0.0,0.0,0.0,0.0,0.18651030105976,"G, R","secondary, tertiary"
8437.63798,619.92024,G,13.0,1,0.024939478382314,0.008313159460771,0,0.0,13.0,0.0,70.14343,0.000994131404951,0.9999999999,0.0,0.040640152053827,R,secondary
5562.19092,293.00984,G,0.0,0,0.0,0.0,0,0.0,0.0,0.0,0.0,0.0,0.0,0.0,0.502816347195033,"A, B, R","secondary, tertiary"
36760.4013,1381.31511,G,12.0,1,0.021955632459322,0.007318544153107,0,0.0,12.0,0.0,269.032623,0.005595598941769,0.9999999999,0.0,0.72730830906278,"A, R, U","primary, secondary"
3121.43869,265.9821,G,0.0,0,0.0,0.0,0,0.0,0.0,0.0,0.0,0.0,0.0,0.0,0.118332432684841,"A, G, R","secondary, tertiary"
0.42439,3.14551,G,0.0,0,0.0,0.0,0,0.0,0.0,0.0,0.0,0.0,0.0,0.0,0.510401673020355,"G, R","secondary, residential"
0.42439,3.14551,G,0.0,0,0.0,0.0,0,0.0,0.0,0.0,0.0,0.0,0.0,0.0,0.509528012208695,"G, R","secondary, residential"
0.42439,3.1455,G,0.0,0,0.0,0.0,0,0.0,0.0,0.0,0.0,0.0,0.0,0.0,0.312508025953495,"G, R","primary, residential"
0.42438,3.1455,G,0.0,0,0.0,0.0,0,0.0,0.0,0.0,0.0,0.0,0.0,0.0,0.314124008766403,"G, R",residential
0.42438,3.1455,G,0.0,0,0.0,0.0,0,0.0,0.0,0.0,0.0,0.0,0.0,0.0,0.314832971227762,"G, R","primary, residential"
3745.25218,302.98495,G,0.0,0,0.0,0.0,0,0.0,0.0,0.0,0.0,0.0,0.0,0.0,0.107147586523721,"A, G, R","secondary, tertiary"
0.4244,3.14549,G,0.0,0,0.0,0.0,0,0.0,0.0,0.0,0.0,0.0,0.0,0.0,0.294647342816657,"G, R",residential
0.42439,3.14549,G,0.0,0,0.0,0.0,0,0.0,0.0,0.0,0.0,0.0,0.0,0.0,0.295370107896703,"G, R",residential
0.4244,3.14549,G,0.0,0,0.0,0.0,0,0.0,0.0,0.0,0.0,0.0,0.0,0.0,0.296191324795653,"G, R",residential
0.42439,3.14549,G,0.0,0,0.0,0.0,0,0.0,0.0,0.0,0.0,0.0,0.0,0.0,0.297026936870568,"G, R",residential
0.4244,3.14549,G,0.0,0,0.0,0.0,0,0.0,0.0,0.0,0.0,0.0,0.0,0.0,0.297876859373109,"G, R",residential
0.42438,3.14549,G,0.0,0,0.0,0.0,0,0.0,0.0,0.0,0.0,0.0,0.0,0.0,0.298741072083418,"G, R",residential
12791.43406,626.19687,G,0.0,0,0.0,0.0,0,0.0,0.0,0.0,0.0,0.0,0.0,0.0,0.421252321108893,"G, R","primary, secondary, residential"
3523.24764,298.90072,G,0.0,0,0.0,0.0,0,0.0,0.0,0.0,0.0,0.0,0.0,0.0,0.113484899484032,"G, R","secondary, tertiary"
12631.17085,905.37549,G,0.0,0,0.0,0.0,0,0.0,0.0,0.0,0.0,0.0,0.0,0.0,0.060750564067699,A,"primary, secondary"
13085.28185,621.55938,G,18.0,3,0.789650649366792,0.171855581391241,0,0.0,10.666666666666666,0.0,749.5929043333334,0.049905310900755,0.333333333322222,0.0,0.380952085850423,"G, R","primary, secondary, residential"
0.42437,3.14544,G,0.0,0,0.0,0.0,0,0.0,0.0,0.0,0.0,0.0,0.0,0.0,0.411474124662255,"G, R","primary, secondary"
0.42437,3.14544,G,0.0,0,0.0,0.0,0,0.0,0.0,0.0,0.0,0.0,0.0,0.0,0.411430407638017,"G, R","primary, secondary"
1198.00096,134.91936,G,0.0,0,0.0,0.0,0,0.0,0.0,0.0,0.0,0.0,0.0,0.0,0.321292676806633,R,tertiary
2488.91868,200.43928,G,0.0,0,0.0,0.0,0,0.0,0.0,0.0,0.0,0.0,0.0,0.0,0.380110327414988,A,"secondary, tertiary"
6882.27344,411.84639,G,18.0,1,0.576771939477023,0.115354387895405,0,0.0,18.0,0.0,793.900441,0.019046345406423,0.9999999999,0.0,0.391194677316817,"A, R","secondary, tertiary"
1971.10151,228.29036,G,0.0,0,0.0,0.0,0,0.0,0.0,0.0,0.0,0.0,0.0,0.0,0.46159987835694,"A, R, S","secondary, tertiary"
5744.82885,302.971,G,36.0,1,0.120454465758366,0.013383829528707,0,0.0,36.0,0.0,76.887806,0.002203743099379,0.9999999999,0.0,0.448612042241037,"R, S",tertiary
